variable_names,hhsizetype,hhsizetype,hhsizetype,hhsizetype,hhsizetype,hhsizetype,hhsizetype,hhsizetype
variable_categories,1,2,3,4,5,6,7,8
geo,,,,,,,,
1,2107,2840,1166,821,376,93,35,7
2,1717,2675,1068,997,388,155,30,15
3,1759,1765,823,591,255,106,49,6
4,1628,1514,584,458,191,56,13,9
5,1294,1706,704,540,296,77,17,35
6,1147,1636,826,585,329,82,39,12
7,1610,2255,920,673,271,80,37,10
8,1080,1643,559,465,196,78,14,25
9,1312,1893,928,653,294,156,35,25
10,1154,1462,593,441,166,62,7,7
11,1817,2243,1000,655,327,84,24,18
12,1228,1592,725,527,265,89,16,16
13,2021,2816,1422,1205,348,103,27,18
14,1545,1141,621,293,186,35,17,10
15,1868,1405,563,371,141,36,34,10
16,2002,2452,979,847,413,93,22,16
17,1738,2311,1290,857,333,155,31,14
18,1138,1502,721,590,219,50,33,11
19,1306,1647,771,587,250,56,29,9
20,797,1434,615,542,264,90,30,16
21,1473,1469,672,387,159,38,7,10
22,1715,1559,607,492,207,77,24,19
23,1447,1930,805,557,208,65,17,28
24,1810,1952,997,804,306,112,21,17
25,2700,2422,1191,828,374,147,37,51
26,1733,2489,1099,849,355,144,44,17
27,1695,1871,695,484,163,64,26,3
28,1299,1651,769,547,212,117,10,16
29,1846,1865,867,594,227,92,12,12
30,2275,2753,1143,791,368,130,33,16
31,2506,3139,1131,724,384,155,22,28
32,1600,1236,624,328,154,88,33,6
33,1827,1436,639,387,168,74,16,9
34,1513,2457,1261,1035,416,231,51,24
35,1379,1477,646,648,362,119,37,84
36,1518,2010,1049,636,448,124,59,52
37,1380,1907,759,642,341,149,64,39
38,1675,2067,964,824,340,175,38,73
39,823,892,474,375,270,175,85,136
40,687,1384,840,951,503,209,89,64
41,1433,2531,855,765,426,121,68,61
42,1376,1815,765,635,355,189,80,64
43,1256,1327,672,424,294,128,82,32
44,1381,1609,513,469,235,92,41,34
45,835,1514,832,802,372,160,56,27
46,1215,1346,738,528,289,97,34,28
47,1027,1606,540,738,263,82,35,14
48,1051,1605,772,550,170,87,27,18
49,1676,1560,657,428,147,97,7,8
50,2536,2404,734,420,158,69,26,24
51,1632,2301,531,475,177,34,10,15
52,1257,2424,640,619,263,45,11,6
53,1332,1657,645,482,189,70,24,12
54,1525,1663,687,400,228,75,35,23
55,1418,1370,601,467,238,95,39,12
56,1815,1475,584,418,234,135,51,13
57,1751,1377,612,491,155,88,22,38
58,1842,1321,498,368,251,129,73,54
59,721,818,554,470,405,133,93,90
60,1012,1530,667,562,211,98,27,14
61,529,933,682,754,574,327,129,106
62,573,522,509,451,418,261,112,138
63,432,692,515,697,437,322,193,87
64,912,868,541,526,339,216,103,76
65,904,1097,589,532,337,167,70,49
66,1252,1591,745,596,234,115,49,47
67,1030,1346,654,545,287,109,33,39
68,922,1422,676,525,228,115,29,13
69,912,1680,690,736,278,91,41,37
70,2218,2641,382,334,145,72,34,29
71,824,1765,531,586,338,93,72,35
72,626,1383,645,627,425,140,69,38
73,659,1075,730,575,370,165,61,45
74,728,1633,609,676,489,134,59,48
75,812,1324,542,503,309,124,38,52
76,1219,1928,721,593,218,131,35,43
77,1305,2113,644,466,227,77,30,14
78,1568,1978,562,461,149,40,4,10
79,1074,1939,721,726,330,132,50,14
80,2242,1660,461,295,125,46,12,13
81,1597,1391,592,372,123,81,28,2
82,928,829,649,498,344,131,96,42
83,1452,1555,692,568,242,98,27,27
84,1565,1847,702,590,415,226,128,109
85,1253,1757,666,530,279,130,63,63
86,3017,4500,989,654,426,162,35,51
87,2756,4297,1149,721,391,155,81,71
88,1535,2627,1112,993,633,265,84,57
89,1155,1513,496,394,236,143,50,71
90,1482,2192,526,569,357,182,99,44
91,840,1597,394,405,218,93,59,42
92,1066,1465,665,632,357,228,82,74
93,1847,2311,951,850,372,182,37,47
94,2095,3382,1568,1455,792,263,95,71
95,2354,2840,1419,1107,632,270,70,38
96,1825,2562,938,549,352,117,35,10
97,1608,2006,698,647,258,112,34,30
98,2124,2588,1265,900,429,119,46,27
99,1201,1303,617,417,251,93,31,19
100,1238,1377,621,414,191,77,14,23
101,1269,1483,584,499,224,73,32,22
102,2438,2921,1293,950,385,92,34,37
103,2805,2464,1125,737,325,124,39,31
104,1827,2464,1265,949,450,135,33,20
105,1083,1625,798,471,245,128,45,9
106,1433,1812,793,594,330,141,53,15
107,2197,2565,1151,897,422,178,68,37
108,1054,1413,536,434,222,110,39,22
109,2002,2606,858,613,243,72,54,49
110,1203,1392,534,413,180,48,10,16
111,1100,1347,673,432,207,69,31,12
112,1256,1364,512,460,186,70,19,5
113,1165,1406,641,474,236,77,22,10
114,1695,1811,793,722,159,51,10,31
115,2926,2495,978,567,279,108,59,30
116,1775,1962,910,664,175,54,14,12
117,1051,967,732,607,418,191,82,106
118,1731,1990,1067,891,427,125,58,46
119,1030,1561,817,777,381,162,62,26
120,810,1219,962,821,537,235,100,71
121,505,1229,867,969,419,272,85,44
122,983,1888,1516,1608,437,205,30,49
123,1559,2583,1540,1699,564,216,43,32
124,2263,3167,855,679,320,107,62,18
125,1311,1663,700,581,210,78,9,13
126,1116,1436,603,419,258,88,20,20
127,1202,1775,665,556,341,118,40,44
128,924,929,716,694,359,177,65,66
129,1055,1512,827,654,265,103,50,26
130,1344,1698,863,735,289,107,37,10
131,1407,1964,683,677,299,74,18,13
132,783,1364,860,1054,346,113,37,4
133,1112,1666,878,692,209,78,32,7
134,738,1218,826,622,430,192,102,58
135,662,943,662,598,410,154,65,75
136,597,1165,703,657,425,143,73,49
137,1659,2002,619,423,194,111,23,19
138,1662,2987,1015,839,408,116,33,33
139,617,956,657,697,555,289,132,74
140,1831,2318,1158,895,407,170,76,58
141,763,846,556,537,361,126,56,60
142,1458,1352,863,710,550,280,128,109
143,588,584,496,556,416,269,111,60
144,867,1241,695,675,329,134,51,31
145,778,1165,609,596,436,258,114,60
146,1781,1989,749,528,265,77,24,51
147,907,1149,795,749,483,227,71,98
148,921,1451,866,1054,719,290,112,61
149,1382,2030,1338,1194,678,259,82,51
150,1043,1343,763,809,447,264,155,96
151,432,649,539,554,398,258,54,74
152,1792,2179,945,803,526,223,73,103
153,749,1193,856,683,519,211,92,40
154,1899,2194,796,631,321,105,34,25
155,659,1217,753,746,417,180,45,57
156,1203,1828,1236,1137,554,236,56,45
157,1210,1369,886,805,498,216,102,44
158,765,1106,860,877,546,327,124,114
159,1297,1987,1094,931,508,143,40,53
160,732,1082,775,770,436,165,100,96
161,496,623,626,657,535,293,184,195
162,906,1159,770,678,312,168,68,71
163,851,1281,734,654,276,71,19,33
164,754,1123,791,837,553,288,141,158
165,1209,1852,960,987,390,148,44,30
166,598,876,689,672,461,268,139,128
167,517,938,708,570,351,154,48,32
168,504,1025,710,687,323,111,48,33
169,460,760,635,646,341,178,77,106
170,237,477,521,509,385,210,110,129
171,1128,1933,1334,1171,470,157,68,58
172,1818,1782,826,643,262,80,24,44
173,1953,2280,1414,1212,390,113,31,21
174,1547,1546,767,647,192,64,10,11
175,1878,1683,796,586,250,94,26,34
176,1782,1769,1018,805,436,166,63,39
177,614,1009,685,734,481,305,91,98
178,1506,1881,1021,1047,440,157,69,52
179,1507,1971,1191,1026,427,171,62,66
180,895,1333,684,640,212,28,13,9
181,2442,2630,996,748,185,46,11,8
182,2423,1572,623,352,111,46,2,3
183,3546,2831,1143,761,290,68,35,11
184,2821,2272,1015,638,276,97,19,21
185,2999,2009,488,324,125,19,0,2
186,3485,2340,868,629,270,116,20,31
187,1553,1339,656,571,237,102,33,12
188,2579,2341,1102,875,395,230,109,73
189,1380,1831,1127,933,469,266,153,85
190,1013,1251,857,623,286,107,23,23
191,596,1010,813,695,406,168,85,45
192,490,703,652,692,407,232,116,140
193,958,1475,996,929,477,191,102,43
194,650,896,680,665,419,210,75,68
195,398,630,687,744,553,273,133,99
196,367,570,590,628,486,241,136,148
197,455,639,536,616,436,210,94,88
198,2713,1558,835,584,424,184,114,113
199,355,445,477,572,475,246,138,185
200,843,713,549,515,307,154,54,67
201,2339,1658,892,604,357,138,72,38
202,3137,3001,1157,751,233,73,16,8
203,1031,986,611,537,325,143,37,41
204,1397,1199,872,855,570,277,130,150
205,659,623,630,736,548,369,156,218
206,422,765,688,880,690,332,158,165
207,537,823,714,588,348,167,52,35
208,675,995,718,733,439,238,93,62
209,422,677,596,669,400,227,78,71
210,651,738,665,621,350,211,61,59
211,611,838,688,663,495,323,150,186
212,1216,1427,931,729,480,192,89,61
213,930,863,616,656,292,171,73,51
214,1640,1964,861,870,237,61,6,4
215,1179,1409,976,720,243,81,15,15
216,575,845,648,549,334,149,86,64
217,1050,1164,794,681,488,213,67,51
218,732,1342,1067,963,498,200,56,52
219,1771,1934,799,634,203,67,12,5
220,1188,814,489,415,323,136,68,45
221,1550,1570,1071,851,525,268,119,52
222,1020,1574,702,641,209,53,25,6
223,1375,1097,564,372,214,121,41,13
224,783,1361,654,732,451,279,143,82
225,1314,1588,677,603,203,37,26,9
226,1874,2098,891,767,328,89,17,15
227,518,826,536,495,487,184,73,94
228,942,1333,837,677,555,244,126,68
229,1795,2249,920,808,375,238,72,79
230,729,861,748,852,606,361,147,148
231,460,936,579,642,465,227,116,105
232,1272,1651,746,615,366,142,40,36
233,1235,1735,610,391,142,60,27,14
234,1863,2693,1051,912,400,95,66,23
235,732,1375,677,632,270,86,12,33
236,2813,3183,1220,1122,399,97,20,21
237,2091,2764,1782,1358,525,134,57,29
238,1334,2279,1413,1418,604,174,79,48
239,1064,1950,1140,1209,528,153,55,49
240,1300,1873,1194,1031,509,179,116,94
241,1277,1817,1213,969,501,185,84,50
242,804,954,798,731,531,235,82,102
243,1094,1644,1008,955,535,306,114,113
244,789,1437,849,742,359,162,46,57
245,1049,1388,917,883,493,251,124,96
246,602,1022,831,797,547,279,109,130
247,1983,2625,1294,1093,408,123,47,24
248,544,1196,691,853,294,107,31,6
249,368,640,565,672,460,316,184,278
250,503,741,644,768,577,374,166,205
251,1628,2096,1149,941,419,180,87,13
252,1286,1736,807,877,319,128,19,19
253,1007,1600,663,725,337,127,34,19
254,1186,1810,634,585,224,85,18,30
255,2117,1914,825,664,430,234,76,73
256,2330,2216,549,393,293,81,25,30
257,605,1235,808,952,447,149,51,28
258,586,1222,699,785,452,206,67,85
259,1159,1784,1028,967,695,324,146,81
260,1165,1572,752,815,422,274,122,93
261,1193,1666,602,744,504,209,96,95
262,559,1173,875,897,614,357,166,174
263,374,647,601,653,458,262,138,94
264,902,1280,775,693,440,196,97,44
265,980,1285,859,751,526,242,108,114
266,428,836,556,640,303,189,66,46
267,913,1163,773,827,456,222,66,58
268,482,833,580,818,577,399,134,140
269,2125,2656,719,501,298,113,36,16
270,1220,1480,708,518,211,74,34,15
271,1063,1489,742,571,241,130,39,34
272,1315,1705,730,581,202,38,16,19
273,1481,1469,768,578,324,180,64,61
274,1047,1287,712,619,254,136,35,36
275,627,956,621,650,342,265,104,99
276,2561,1907,620,428,150,50,11,9
277,1308,1390,712,655,374,183,89,67
278,1202,1443,809,717,387,163,92,95
279,876,1317,1037,881,588,188,82,49
280,614,1153,678,681,330,142,49,44
281,1047,1543,651,646,243,68,20,19
282,1561,1670,804,605,323,146,61,13
283,731,1032,752,814,568,312,148,139
284,955,1546,843,878,593,281,117,107
285,852,1361,580,526,305,157,55,49
286,1188,1526,838,795,319,162,45,35
287,694,1017,614,468,272,162,67,44
288,600,813,516,497,371,188,86,102
289,887,983,798,773,555,340,169,168
290,372,673,517,472,424,209,120,111
291,388,619,500,557,405,227,100,87
292,1035,1759,1093,988,535,169,52,32
293,776,1145,776,694,340,194,68,40
294,835,1260,919,918,611,317,153,93
295,712,1310,969,1010,507,205,50,66
296,276,686,584,622,531,297,95,68
297,1385,2088,1012,934,452,224,47,87
298,885,1499,662,525,241,131,75,36
299,668,1082,539,556,328,134,75,75
300,1153,1820,838,600,286,56,10,1
301,958,1328,677,673,334,148,55,57
302,821,1304,770,690,469,165,75,49
303,692,1356,613,540,285,130,68,39
304,931,1720,867,765,331,89,33,22
305,1313,2236,1101,1097,450,171,34,8
306,2419,2844,870,742,235,52,20,2
307,641,1361,861,850,279,61,33,19
308,1067,1500,683,574,226,53,36,7
309,1252,1743,1189,975,560,186,88,19
310,1559,2136,1071,793,314,118,21,28
311,1791,2357,1111,716,275,131,68,21
312,3748,2943,736,438,178,80,27,15
313,1565,1830,903,808,383,260,80,48
314,637,1085,819,819,506,289,115,128
315,818,1313,790,727,347,179,49,60
316,526,1203,934,968,534,220,89,37
317,1153,1394,984,887,501,208,76,87
318,641,1075,789,684,445,200,86,76
319,2396,2258,905,590,212,52,12,12
320,2752,2099,609,284,85,37,13,0
321,3270,2332,780,396,157,65,20,15
322,1823,2101,694,484,107,46,21,11
323,1186,1479,714,590,213,71,31,45
324,834,1278,686,618,261,112,85,58
325,643,867,591,566,302,144,84,115
326,1296,1739,922,921,603,275,141,94
327,1187,1068,769,722,477,213,101,119
328,931,1817,1174,1318,739,373,154,99
329,1214,1850,830,769,565,182,67,112
330,1829,2691,867,768,313,107,22,43
331,966,1533,601,492,209,106,24,19
332,897,1305,920,780,339,196,63,59
333,819,1364,723,620,302,130,63,60
334,997,1322,710,575,274,54,40,18
335,1103,1663,841,827,244,88,19,23
336,1271,1704,985,802,248,61,16,29
337,706,1160,644,713,324,119,60,49
338,611,882,641,574,439,263,86,178
339,707,1122,502,515,320,155,48,38
340,2156,2647,1059,913,439,173,43,64
341,2120,2646,1397,1209,429,74,34,18
342,1280,1896,1228,971,304,129,18,23
343,1319,2156,1021,754,267,124,48,45
344,557,1169,919,891,376,185,59,94
345,338,687,606,555,370,169,84,113
346,580,1197,671,677,372,170,73,49
347,882,1582,1042,1120,260,89,25,12
348,1139,1627,992,898,246,59,19,5
349,1441,1534,737,550,285,136,43,73
350,1257,1613,954,893,428,144,79,63
351,641,1147,691,770,293,106,27,16
352,538,1157,757,813,287,89,35,18
353,412,767,586,784,317,167,76,89
354,360,550,471,468,338,226,111,165
355,976,1572,838,723,363,150,83,90
356,1504,1613,698,629,199,95,20,21
357,1984,2730,981,822,388,130,53,26
358,1428,1681,933,729,335,156,92,45
359,868,1418,905,845,412,218,79,44
360,995,1740,757,696,372,136,51,40
361,2139,2823,1020,844,347,109,55,34
362,1213,1604,795,648,282,96,33,8
363,1872,2164,1088,961,437,193,83,81
364,454,902,546,674,382,237,68,98
365,831,1053,700,612,383,188,76,49
366,1261,1918,1079,993,530,217,90,66
367,996,1270,638,530,315,119,58,40
368,1306,1856,948,889,446,267,83,101
369,984,1360,759,816,425,205,65,71
370,749,1098,852,837,443,311,124,89
371,730,1188,698,852,670,274,107,106
372,768,1269,704,651,264,98,36,30
373,1299,1812,883,935,315,124,42,22
374,823,1178,871,887,596,356,191,196
375,1225,1607,815,580,257,84,12,45
376,759,1129,645,651,345,142,72,30
377,946,1486,689,668,306,132,55,52
378,1702,2384,1299,1274,525,146,60,36
379,1121,1517,545,495,244,82,49,16
380,1313,2345,756,593,282,98,23,19
381,1976,3368,1338,1069,376,99,21,19
382,910,1474,602,526,233,85,26,17
383,1571,2380,1184,1007,576,237,95,43
384,1171,1684,679,492,173,35,32,3
385,1185,2016,512,335,158,45,23,14
386,1888,2133,874,691,293,161,59,24
387,1353,1465,491,418,241,92,51,19
388,1044,1933,575,567,171,39,5,3
389,1485,2334,1139,1071,432,145,41,27
390,1609,1858,736,575,160,41,16,7
391,1623,2311,1081,989,373,113,18,16
392,1218,1684,705,611,271,143,59,26
393,1026,1610,827,822,419,209,66,37
394,1131,1592,920,985,549,258,73,67
395,614,1282,807,730,331,115,30,24
396,1333,1449,633,508,258,153,38,44
397,1327,1328,641,495,314,134,75,59
398,1185,1704,740,787,249,36,20,13
399,2059,2243,988,919,441,222,89,90
400,2488,1942,491,353,144,31,27,21
401,2693,2125,569,379,152,15,3,0
402,3456,2891,1043,639,260,62,19,10
403,1235,1428,687,641,360,190,71,42
404,1351,1795,747,594,241,94,24,45
405,1845,1951,681,462,207,85,30,26
406,1617,2298,947,731,252,109,36,24
407,1586,1805,707,522,179,71,21,16
408,1038,1799,905,856,315,91,23,19
409,631,1489,688,812,346,151,35,20
410,820,1682,846,898,381,130,42,38
411,707,1299,726,742,470,167,59,39
412,1422,1943,548,462,161,64,22,8
413,1647,2048,734,591,274,102,47,20
414,1166,1797,451,418,215,82,17,32
415,751,1501,711,678,323,86,50,41
416,1624,1896,627,449,182,58,20,5
417,1640,1769,575,431,192,47,26,10
418,948,1452,718,636,345,147,44,14
419,1087,1301,726,592,349,144,55,54
420,632,1660,786,827,356,119,36,34
421,1518,2131,1030,910,427,135,49,23
422,739,1433,639,770,314,87,19,3
423,1889,2335,1188,1077,468,117,51,12
424,1275,1544,995,801,342,78,30,32
425,1517,1349,874,711,380,131,51,48
426,1517,2261,1118,995,412,107,30,35
427,1591,2118,1065,765,308,64,24,15
428,1251,1439,769,439,270,59,28,11
429,1745,1234,686,562,252,128,37,21
430,1842,2188,1011,1010,271,85,33,9
431,1280,1632,763,527,218,78,14,10
432,1445,1409,682,548,211,70,26,10
433,1393,1677,724,671,234,45,9,7
434,2078,2815,1092,943,366,80,28,9
435,1928,2569,1082,723,281,85,19,6
436,1146,1885,791,712,248,83,19,14
437,1399,1112,678,524,202,113,41,21
438,1795,1945,737,534,225,66,19,7
439,1475,1541,778,575,207,58,22,5
440,1380,1691,787,535,243,60,27,5
441,1918,1343,734,477,256,138,35,14
442,1220,1647,675,571,198,80,14,8
443,1374,2043,852,658,274,112,23,22
444,1731,1894,839,616,226,80,27,5
445,1426,2253,856,724,227,49,11,17
446,1153,1704,703,609,213,81,21,9
447,1679,1273,646,396,155,76,23,8
448,1526,2153,923,786,280,81,22,9
449,1567,1845,863,644,234,84,48,13
450,1080,1871,901,867,342,106,30,39
451,1688,2348,1085,869,374,128,36,50
452,2345,4085,1177,853,442,147,86,30
453,1960,1556,510,429,159,40,6,2
454,1783,1361,628,484,232,93,44,48
455,1946,1505,668,431,178,56,10,14
456,2496,1664,884,594,223,115,38,57
457,4408,2805,574,262,99,49,6,7
458,2398,1810,703,437,149,45,2,9
459,1263,1509,665,500,187,87,27,2
460,3286,4347,1769,1183,578,198,71,40
461,2280,3179,1070,663,299,123,25,24
462,1721,2317,660,431,153,33,15,10
463,1715,1788,819,426,218,68,20,13
464,1378,1950,726,549,194,110,40,11
465,834,1624,1000,1036,428,119,43,22
466,1660,1606,653,540,185,63,14,22
467,1532,1474,629,397,178,73,37,23
468,2129,2073,595,344,167,53,21,18
469,2539,2291,894,661,343,142,39,37
470,1879,2201,1151,830,347,126,36,15
471,1136,979,543,497,187,154,17,45
472,2283,2055,725,531,211,98,42,47
473,1271,1347,621,481,199,79,31,9
474,888,1502,888,702,307,83,8,5
475,431,1211,933,1016,385,112,34,4
476,1102,1712,912,726,276,109,22,23
477,1375,1394,766,580,245,114,25,13
478,1234,1310,854,469,295,129,28,22
479,2245,3911,797,453,166,71,26,15
480,2060,2968,621,432,188,79,11,5
481,1461,2600,1333,1103,595,221,96,21
482,1504,2463,511,415,185,42,4,9
483,1429,2219,473,328,189,88,30,9
484,810,1905,579,525,309,175,56,29
485,2024,2489,1052,646,338,129,55,18
486,1606,2466,662,475,269,138,50,30
487,1040,1624,869,599,354,117,29,45
488,1641,1284,634,413,249,86,48,24
489,1334,1446,783,473,191,80,22,11
490,1441,2076,874,631,229,82,24,4
491,2092,1997,833,664,227,62,15,13
492,1437,1873,799,574,206,58,20,12
493,1963,2098,1027,685,344,112,39,23
494,1338,1921,695,436,168,48,25,4
495,2516,2828,956,622,288,106,36,17
496,1069,2079,630,406,220,46,20,19
497,2025,3186,1044,733,340,124,51,30
498,2088,1745,943,624,318,134,37,37
499,3086,2500,1012,784,219,49,22,6
500,1412,1943,1193,874,342,105,18,24
501,1856,2248,1117,815,268,107,37,13
502,1889,1880,1086,775,367,132,36,11
503,1110,1622,736,542,354,123,67,26
504,1916,2625,1341,1008,402,178,46,36
505,1802,3047,1311,1242,584,166,90,66
506,1889,2725,577,405,175,53,29,4
507,2030,2589,1032,722,281,127,41,18
508,1301,1785,638,394,216,93,13,18
509,2425,4412,550,261,92,58,20,5
510,1533,2741,1108,777,340,160,48,56
511,2009,2979,363,244,91,41,21,2
512,1749,2924,932,794,261,106,24,6
513,1213,2164,806,696,380,197,73,34
514,1613,1823,585,343,185,51,32,30
515,1163,2628,486,305,140,58,12,15
516,1386,2122,1033,760,275,59,15,11
517,2172,1788,945,518,191,70,1,13
518,1149,2114,562,491,233,88,36,31
519,1643,2002,558,386,181,79,47,12
520,1326,2301,572,487,165,40,11,11
521,1227,1798,499,286,187,85,23,10
522,1402,1511,522,439,185,63,20,11
523,1513,2626,674,446,230,107,28,15
524,2123,2735,641,598,205,88,28,21
525,765,1032,916,786,268,103,12,17
526,537,740,539,477,242,102,68,51
527,1224,1103,537,422,227,116,25,23
528,1792,1590,567,494,137,29,6,3
529,772,784,640,502,255,145,47,26
530,868,906,570,443,287,95,46,36
531,590,965,777,572,237,95,21,12
532,618,1182,938,759,348,110,18,8
533,773,988,654,445,226,85,29,18
534,882,1004,633,497,222,80,36,19
535,1868,1298,664,348,183,87,45,16
536,1928,1637,604,335,110,27,9,9
537,1757,1423,697,447,169,76,18,10
538,1859,1565,687,483,159,32,17,0
539,1126,1206,871,438,203,71,34,35
540,889,1208,640,550,224,66,20,8
541,745,1218,695,458,192,84,25,11
542,444,800,651,632,330,117,28,12
543,478,986,736,658,266,94,16,15
544,839,1138,625,496,196,81,23,6
545,365,836,737,753,367,99,37,14
546,492,841,685,666,316,147,53,21
547,482,887,817,738,353,100,32,30
548,475,685,674,611,354,163,54,72
549,1083,1631,568,432,194,76,36,13
550,874,1731,599,532,264,102,12,13
551,2226,2776,1244,893,457,110,55,32
552,887,1343,534,428,180,98,75,33
553,1030,1601,879,696,395,165,71,61
554,978,1517,915,814,356,191,54,35
555,952,1685,982,820,249,122,18,12
556,1277,1433,836,641,335,84,47,30
557,1916,1746,712,459,194,59,30,15
558,1275,1218,828,444,263,117,37,30
559,1618,1689,733,510,166,88,18,8
560,887,1252,698,490,205,88,21,3
561,791,1462,940,872,350,150,69,21
562,704,1501,905,851,263,102,19,36
563,1301,1852,1022,912,428,184,50,36
564,912,1429,789,783,424,123,45,18
565,1365,1890,656,518,144,35,10,4
566,1471,1940,648,432,228,57,23,14
567,2135,1920,852,581,272,132,42,27
568,1298,1542,839,589,240,94,46,33
569,1226,1452,647,599,310,155,71,24
570,2092,2719,884,515,228,91,41,30
571,2470,2550,532,296,116,43,10,15
572,1963,2087,576,459,138,43,8,4
573,1304,1465,613,529,165,59,8,6
574,682,1685,597,777,285,61,29,9
575,1195,1512,751,660,318,110,53,27
576,1243,1874,740,598,286,103,43,17
577,1347,1864,607,437,170,65,22,22
578,2066,2278,791,454,180,54,40,21
579,1015,1898,901,789,332,100,39,10
580,1604,2214,609,469,199,42,11,5
581,1897,2008,570,390,110,50,6,9
582,1552,1778,566,384,167,41,15,3
583,1748,1873,620,367,102,43,5,9
584,1614,2066,549,377,121,35,10,6
585,1697,1726,623,417,146,62,16,11
586,2841,2448,875,554,145,72,15,3
587,1757,1994,552,331,135,44,9,8
588,1926,2530,1002,769,352,148,33,42
589,1581,2510,1088,783,397,149,77,35
590,1088,1865,805,700,317,143,51,29
591,1293,2078,657,509,297,180,36,44
592,1241,1710,521,350,190,69,32,22
593,1549,3021,1294,1126,415,188,25,11
594,1530,1773,508,291,210,87,28,26
595,1373,2888,1113,997,389,211,50,7
596,1273,2393,1155,880,432,134,54,26
597,2168,2416,579,417,167,37,23,16
598,2215,2983,667,395,153,55,10,6
599,1468,2996,722,455,216,82,22,4
600,1293,1612,780,618,186,80,17,1
601,1087,1556,671,647,189,67,15,27
602,1329,1617,664,539,194,61,40,5
603,758,1444,746,697,292,69,28,23
604,954,1390,472,416,246,37,32,11
605,1401,1884,713,440,207,100,28,13
606,2337,2169,648,407,179,47,13,8
607,2131,2625,714,429,206,76,18,7
608,878,1784,819,601,322,90,48,15
609,1592,2174,972,743,321,108,22,15
610,972,1354,815,629,298,101,40,11
611,1374,1835,894,760,329,113,30,27
612,2021,2175,970,651,269,108,44,22
613,1243,1819,701,505,197,72,50,3
614,1692,2098,937,712,396,132,37,25
615,1246,1415,662,476,222,60,26,18
616,1360,1644,864,515,235,111,59,10
617,1030,1534,707,480,234,79,28,14
618,1401,1419,744,559,192,67,21,25
619,2153,1940,617,566,221,44,12,0
620,715,1173,821,883,260,76,25,14
621,2072,1401,693,332,147,84,39,31
622,1430,1237,711,599,283,99,35,8
623,1392,2180,1049,959,330,126,22,7
624,2950,2043,566,428,156,43,3,2
625,3200,2063,645,386,131,54,9,8
626,1450,1303,801,534,209,129,35,31
627,1216,1509,677,529,297,76,29,16
628,1494,1814,870,696,309,151,35,52
629,1492,1691,832,513,281,109,27,33
630,2033,1950,803,539,298,97,58,29
631,1491,2113,1124,836,318,132,41,15
632,1946,2473,1051,658,327,121,39,30
633,2528,2331,1149,926,373,116,62,45
634,1815,2185,937,661,279,147,38,45
635,1614,1924,858,649,291,137,55,8
636,1534,1418,854,572,336,105,64,57
637,2007,1744,757,496,177,86,22,30
638,2125,1980,890,707,360,110,72,49
639,2132,1784,828,730,255,100,31,28
640,1080,1767,1055,791,310,104,67,27
641,1059,1202,643,492,213,87,28,21
642,964,1341,765,653,277,109,52,27
643,815,1466,675,615,310,89,34,20
644,1603,2179,1067,730,373,157,58,27
645,1679,2480,1113,793,337,127,59,29
646,855,1119,566,507,286,108,63,55
647,1646,2698,998,812,510,181,42,32
648,820,1259,740,505,263,108,48,19
649,2112,1928,923,702,290,110,59,13
650,1086,1461,869,727,366,149,57,15
651,882,1492,875,839,358,153,42,35
652,2104,2431,1150,826,359,194,48,21
653,899,1905,934,1064,361,124,43,11
654,1040,1450,812,638,233,96,31,43
655,710,1671,787,746,357,122,51,19
656,1327,2303,782,556,239,113,23,14
657,1098,2329,1543,1772,622,218,53,37
658,1319,2225,1012,973,490,268,61,84
659,1333,1870,693,597,283,117,51,26
660,1590,1796,681,529,195,69,3,17
661,1069,1687,702,632,224,64,51,17
662,986,1686,838,809,414,139,39,32
663,893,1559,795,661,298,111,31,27
664,2471,2253,1112,746,335,139,59,21
665,1434,1625,971,808,335,165,55,35
666,605,1184,821,809,383,128,86,12
667,980,1460,1019,887,515,239,46,52
668,514,1132,795,703,328,153,66,36
669,705,1337,831,655,384,142,56,68
670,1601,1863,1168,1102,610,217,109,83
671,1045,1533,932,683,347,137,28,13
672,1375,1712,764,563,211,65,23,17
673,1552,2132,1137,999,562,275,91,59
674,1153,1573,917,718,332,114,50,58
675,990,1627,1020,970,428,184,73,34
676,2215,1284,608,391,193,86,29,44
677,882,1103,643,576,354,128,62,35
678,1790,1473,913,738,446,161,68,49
679,698,1112,766,630,329,115,33,27
680,727,1363,723,627,284,103,31,23
681,1791,2733,1139,943,517,261,155,175
682,1867,2522,1040,705,427,191,78,111
683,441,718,425,407,288,134,101,111
684,621,1143,637,491,266,132,55,77
685,860,1333,619,526,188,91,28,49
686,2585,1856,661,411,151,21,8,11
687,966,1042,506,424,271,140,92,123
688,927,1341,805,795,379,180,78,85
689,773,1192,789,622,379,212,74,179
690,479,891,680,585,413,172,116,96
691,1420,2065,571,463,215,70,49,31
692,1547,2369,875,642,358,100,53,45
693,1267,1851,474,416,219,64,31,19
694,1059,1748,632,511,315,154,57,31
695,952,1313,621,554,385,207,80,56
696,1179,1634,644,680,459,152,25,39
697,1195,1564,700,547,312,147,66,30
698,1537,1573,589,424,159,67,11,4
699,1515,1623,600,498,257,49,19,16
700,910,1323,573,497,301,175,70,32
701,1018,1490,595,515,305,136,53,31
702,748,1554,574,441,431,276,117,61
703,955,1362,485,482,342,231,69,47
704,1161,1621,658,471,296,219,84,40
705,1656,2048,715,522,242,115,21,12
706,2004,2141,768,694,297,103,34,10
707,2131,2651,874,761,318,102,42,14
708,1318,1716,609,457,195,86,24,15
709,1614,1999,746,688,264,87,45,22
710,1517,2065,738,610,300,99,20,26
711,1221,1560,583,376,182,75,30,8
712,1273,1644,599,487,253,72,24,4
713,1588,1978,765,602,285,82,21,16
714,2590,2654,1066,726,360,117,34,7
715,1757,2393,944,683,287,101,56,17
716,1835,2036,904,712,311,105,35,6
717,1557,1486,579,496,241,48,37,16
718,1144,1716,759,697,319,96,6,5
719,1871,2056,981,684,283,82,32,26
720,2723,3051,1115,920,339,156,35,28
721,1569,1563,549,407,184,79,27,10
722,1691,2194,806,701,309,91,23,24
723,2500,2490,1010,732,372,123,57,38
724,1552,2012,771,636,291,114,39,11
725,1900,2304,1012,850,372,104,27,12
726,2958,2783,1132,895,339,75,37,14
727,1976,2148,925,659,355,153,56,21
728,1117,1397,610,494,225,95,23,15
729,1327,1697,609,517,268,49,30,9
730,1767,2272,749,587,307,118,22,24
731,1079,1263,668,469,212,88,12,20
732,1195,1596,509,433,234,66,27,13
733,2644,2652,1136,861,396,199,64,54
734,1191,1943,888,691,395,137,48,29
735,1094,1234,766,737,456,246,100,64
736,927,1450,749,655,353,89,22,9
737,1078,1305,695,735,439,205,60,57
738,792,1654,720,706,404,100,28,22
739,1285,1359,729,677,377,123,62,24
740,946,1266,796,749,451,170,72,35
741,793,1517,1065,1166,549,189,71,30
742,748,1539,675,753,364,112,31,34
743,1050,1420,666,622,296,87,30,4
744,1019,1511,709,610,301,105,30,7
745,1318,1625,653,724,291,82,16,2
746,1645,1951,893,830,342,91,33,11
747,1395,1544,821,608,301,127,26,26
748,967,1372,745,694,282,93,37,18
749,1193,1820,1063,957,547,221,76,79
750,1054,1422,838,713,284,98,18,13
751,1283,1789,969,907,413,160,51,40
752,1224,1234,794,664,476,167,82,55
753,781,1598,674,723,303,88,35,7
754,1275,1619,881,855,398,102,39,17
755,1019,1713,812,914,333,67,16,20
756,1166,1654,770,771,312,94,18,9
757,1869,1924,1035,803,380,202,74,49
758,1542,1627,980,1022,588,280,84,55
759,1390,1525,743,889,448,201,59,20
760,1554,2285,1082,987,429,123,29,15
761,2127,1767,989,843,457,170,39,28
762,1263,1231,585,500,250,129,34,19
763,2008,1693,1009,656,395,149,91,42
764,1840,1799,1038,757,386,127,62,38
765,1314,1715,746,700,254,116,11,10
766,1236,1823,767,974,438,89,14,5
767,925,1172,737,636,324,160,31,95
768,1023,1242,707,647,275,79,18,19
769,1409,1501,792,676,266,79,11,27
770,2092,2324,1068,1019,460,84,33,46
771,1943,2013,1032,899,438,128,50,26
772,1370,1421,765,690,324,117,29,37
773,4299,2690,730,431,195,73,21,19
774,4093,2813,818,640,169,33,12,6
775,1726,1793,910,807,312,145,52,67
776,1405,1544,884,697,388,115,40,24
777,1290,1405,856,712,266,185,55,61
778,1777,1375,1030,840,506,263,80,95
779,1530,1742,783,557,264,118,64,38
780,1666,1433,958,821,535,248,129,88
781,2984,2869,1094,597,198,90,30,25
782,5062,3313,567,215,54,22,0,1
783,1325,1416,917,755,485,261,66,58
784,1070,1053,719,699,520,288,84,104
785,1752,1215,696,453,284,158,59,76
786,4376,2185,958,632,249,63,20,30
787,1251,1253,777,589,353,168,37,37
788,1991,1410,730,466,214,113,35,33
789,1515,1315,761,502,316,164,67,45
790,911,1624,809,871,373,110,75,17
791,1424,2267,1128,946,483,113,47,38
792,1155,1942,1058,1009,561,223,70,18
793,1276,1145,598,464,311,160,64,49
794,1687,1514,780,554,250,92,60,40
795,1339,1529,715,608,277,64,22,15
796,1208,1808,742,787,329,107,41,19
797,1618,2311,1008,908,408,131,56,8
798,1234,1575,638,498,235,74,31,14
799,1328,1279,588,448,214,103,24,40
800,1859,2212,808,768,356,91,38,22
801,1832,2446,1105,897,524,223,70,70
802,1537,2333,847,704,363,190,80,108
803,1065,1473,565,473,242,98,26,16
804,1163,1783,757,555,328,161,52,27
805,1361,1921,747,572,345,125,60,51
806,1907,1726,692,642,364,113,20,24
807,1562,1755,745,523,246,118,57,35
808,756,1503,582,607,337,119,30,33
809,1310,1784,688,565,320,120,59,23
810,2199,2379,1013,811,423,160,45,18
811,1726,2011,776,626,249,125,42,17
812,1557,1911,785,567,320,85,30,25
813,1214,1555,590,483,225,78,22,24
814,1068,1578,643,457,247,72,34,21
815,1324,1541,574,468,203,52,17,17
816,1021,1862,804,734,346,115,19,12
817,1225,1840,803,884,355,46,12,2
818,851,1411,738,960,332,115,24,7
819,1543,1809,813,578,252,54,34,14
820,1444,1656,685,507,196,80,26,5
821,1071,1782,724,603,268,92,17,14
822,1280,2009,1080,901,429,116,49,34
823,1604,1349,592,417,208,79,26,8
824,2035,1621,590,373,188,39,21,17
825,1844,1713,631,469,249,75,18,19
826,1739,1601,778,543,320,141,63,27
827,2956,1792,686,450,192,118,23,19
828,2056,2007,858,726,336,129,58,20
829,1797,1762,638,635,340,129,59,28
830,1341,1991,953,867,346,117,33,11
831,1144,1726,743,669,239,81,37,12
832,1257,1743,681,495,263,72,20,38
833,1764,2294,872,792,362,138,78,61
834,1812,2035,798,552,262,71,21,8
835,1281,1811,736,633,225,80,38,12
836,1164,1512,677,483,273,109,25,27
837,1076,1682,741,585,269,97,46,45
838,1137,1898,722,595,299,93,34,21
839,2556,2600,1050,828,331,90,74,28
840,1630,2058,836,686,302,101,18,28
841,1470,2022,867,668,287,75,33,29
842,1289,1518,755,524,240,58,22,10
843,1453,1883,538,501,320,100,50,23
844,1673,1928,564,440,219,89,32,20
845,1474,1908,553,536,267,81,26,9
846,1681,1876,827,494,225,123,45,16
847,1702,2115,606,520,328,95,25,26
848,1751,2348,798,688,355,151,34,11
849,1486,2020,712,559,249,99,29,25
850,2103,2391,877,710,425,145,25,21
851,2789,3222,1240,1047,448,253,46,37
852,1652,2356,765,747,279,85,13,13
853,1299,1838,570,505,312,95,48,34
854,1424,1812,797,521,217,80,1,21
855,1645,2294,864,837,373,147,32,7
856,2151,2826,1097,1249,443,151,42,17
857,1120,1999,797,804,431,151,17,19
858,2748,2422,1209,903,442,200,85,51
859,1369,1695,477,428,262,86,21,38
860,1557,1893,512,566,337,107,62,28
861,1304,1672,714,695,331,140,48,18
862,2163,2838,975,759,347,159,42,23
863,1482,1847,580,542,318,97,37,39
864,1244,1705,546,487,222,78,20,14
865,1470,1838,455,485,243,89,20,11
866,1911,2285,749,528,329,109,34,26
867,1358,1656,717,646,234,107,39,26
868,1151,1635,615,551,305,77,29,17
869,1760,1848,876,813,403,195,51,63
870,1133,1644,805,716,258,45,22,12
871,2194,2513,884,666,319,64,19,5
872,1142,1864,1079,987,420,179,50,29
873,1367,2047,839,985,397,102,30,30
874,1421,1730,701,501,218,87,33,0
875,1738,1343,510,423,181,67,12,22
876,1194,1909,656,579,287,99,36,33
877,1207,1706,568,470,280,69,42,12
878,1268,1580,550,389,230,44,45,18
879,1413,1744,509,481,250,94,25,26
880,1110,1467,693,690,371,223,44,20
881,1602,2052,836,785,524,171,58,67
882,1745,2236,906,780,400,157,52,38
883,1963,1417,506,454,284,172,40,41
884,1850,1977,898,780,434,206,57,38
885,1178,1579,526,447,251,134,12,26
886,1591,1868,694,545,287,99,49,21
887,2595,2909,1136,789,358,124,29,15
888,1143,1661,695,520,168,42,6,13
889,1057,1371,677,513,206,78,21,33
890,1843,2498,1081,783,348,115,65,38
891,1291,1634,810,630,312,101,25,17
892,1186,1477,704,417,183,84,15,18
893,1091,1429,674,435,223,64,21,17
894,1112,1484,766,472,212,100,55,18
895,1308,1567,739,566,311,58,46,34
896,1328,1491,645,586,248,77,16,27
897,1641,2162,1014,634,277,72,17,17
898,1109,1529,600,578,274,97,25,13
899,1635,2380,921,794,336,147,42,41
900,1175,1517,658,469,243,80,29,16
901,1205,1485,651,598,261,111,21,13
902,871,1599,761,593,267,105,26,11
903,2141,1358,649,377,267,83,36,52
904,2252,1881,673,466,133,39,14,0
905,1359,1725,720,500,288,87,19,10
906,1580,2033,845,612,261,89,26,25
907,1428,1788,851,615,218,97,34,25
908,1604,1808,1001,649,305,150,58,16
909,837,1382,705,672,341,114,42,21
910,1734,1673,674,457,184,74,13,8
911,2336,2907,1310,970,432,149,29,20
912,1414,1812,767,536,216,74,27,18
913,1164,1582,829,634,252,98,32,31
914,1202,1620,729,480,204,85,29,10
915,1250,1911,956,754,284,106,43,17
916,1907,2122,993,799,374,114,57,29
917,985,1593,788,745,414,107,32,31
918,1756,2155,909,794,346,188,53,29
919,1435,1955,842,651,277,92,61,28
920,1303,1993,790,571,244,72,25,16
921,1714,1565,678,475,211,77,33,10
922,1554,1655,722,550,243,55,21,16
923,1843,2328,1143,755,359,117,32,12
924,2267,2297,1039,699,285,101,32,21
925,1849,1780,854,724,287,91,40,27
926,1644,1858,836,578,263,123,41,12
927,1314,1539,646,450,248,64,18,15
928,1882,2188,1207,847,313,109,45,24
929,1365,1804,832,643,378,94,50,51
930,1867,2052,999,695,319,117,61,35
931,1288,1349,698,476,269,107,60,15
932,1098,1480,760,607,320,120,31,13
933,1347,1557,656,533,271,79,35,17
934,1266,1678,769,573,230,101,24,10
935,1897,2233,1073,758,370,158,53,33
936,1133,1451,621,509,181,93,26,15
937,1464,1865,881,513,264,99,22,19
938,2640,2182,946,589,248,109,23,24
939,1229,1577,723,534,298,113,26,35
940,939,1494,723,681,368,57,32,6
941,1152,1810,1008,758,363,104,15,12
942,1834,2186,1129,767,371,181,13,35
943,928,1459,778,661,247,95,35,13
944,1206,1564,838,541,250,101,19,21
945,1022,1378,663,520,285,71,35,19
946,1231,1796,818,705,299,107,33,10
947,1074,1530,729,561,247,81,35,32
948,1432,1483,613,477,190,74,12,16
949,1968,2069,849,690,231,91,15,1
950,1430,1624,848,547,249,129,57,37
951,2276,1565,768,486,197,103,27,28
952,2465,1350,595,320,112,27,10,16
953,2320,1579,573,361,120,47,8,18
954,965,1361,894,584,239,97,35,18
955,1386,1739,542,417,178,39,17,9
956,1772,2645,829,559,216,69,34,26
957,1869,2450,849,734,215,56,25,14
958,1624,2017,799,515,168,59,8,17
959,2197,3071,1019,687,237,78,22,11
960,1339,1688,661,574,212,59,11,14
961,1285,1759,660,536,137,62,5,6
962,1910,3018,1189,798,263,134,16,33
963,1447,2043,819,778,196,106,22,12
964,1813,1852,672,409,141,24,21,13
965,1228,1521,530,429,194,53,8,16
966,1541,1914,887,757,305,110,59,27
967,768,1676,794,773,337,116,45,31
968,1256,1566,766,646,279,139,29,25
969,1239,2136,1101,950,397,160,58,31
970,960,1759,747,601,281,105,27,17
971,1410,1573,913,557,308,126,74,32
972,1478,1611,630,611,234,79,25,26
973,1572,1508,742,523,194,69,4,5
974,1188,1376,763,544,267,95,18,12
975,1264,1246,670,569,223,113,53,26
976,1199,1284,607,567,276,108,39,16
977,1028,1824,837,826,349,108,24,18
978,1196,1525,700,561,255,80,37,22
979,913,1347,602,497,220,88,21,14
980,1988,1466,683,433,251,137,45,49
981,1810,1373,587,414,155,40,21,6
982,1580,1358,759,439,187,98,44,22
983,2446,1661,685,350,202,62,21,22
984,1639,1416,703,363,220,94,39,25
985,936,1703,841,942,341,93,36,32
986,1531,1932,1274,1122,393,143,55,37
987,701,1427,995,937,391,116,34,15
988,1006,1286,983,638,380,164,62,32
989,1714,2213,1222,1106,416,160,49,40
990,2264,2506,1097,1114,382,119,17,12
991,1190,1404,845,766,357,155,78,84
992,910,1266,693,618,382,133,40,45
993,1392,1313,737,652,250,91,40,26
994,796,784,638,526,321,155,58,51
995,1562,1303,851,630,298,118,63,51
996,1126,937,568,452,277,149,61,77
997,1359,1241,658,509,259,137,38,36
998,1680,2035,1140,872,404,190,40,56
999,882,1351,799,557,332,147,67,34
1000,1601,1293,723,386,228,111,30,65
1001,1513,1982,1069,931,491,133,58,37
1002,1056,1486,777,584,227,122,50,32
1003,1084,1731,854,818,333,120,39,8
1004,1504,1986,800,657,288,136,24,38
1005,1852,2722,992,773,321,124,41,34
1006,1920,2575,1056,801,290,119,42,37
1007,1586,2488,1234,1108,519,216,49,49
1008,1320,1752,1046,827,441,177,44,41
1009,1878,2077,742,532,188,44,10,7
1010,1435,1663,684,500,195,42,13,7
1011,2699,2044,1139,743,302,160,38,31
1012,1328,1641,786,593,239,86,17,27
1013,1181,1583,794,703,273,85,24,2
1014,961,1531,758,759,304,84,25,10
1015,1386,2051,1130,846,298,101,20,5
1016,901,1522,638,599,284,68,15,5
1017,967,1377,834,783,270,85,39,9
1018,1126,1127,693,558,260,110,34,30
1019,1414,1781,918,824,292,89,27,2
1020,1620,1999,974,904,252,43,39,16
1021,1488,1725,860,794,290,55,14,9
1022,1701,1768,685,411,85,22,4,3
1023,1355,1641,829,669,255,54,40,34
1024,1305,1577,800,537,248,60,37,28
1025,1717,2012,1196,1164,436,172,55,58
1026,886,1375,754,690,228,100,23,5
1027,2680,3028,1186,1090,354,146,33,2
1028,1210,1009,634,645,271,141,47,38
1029,1426,1796,731,818,265,98,26,8
1030,1012,1581,875,869,278,104,25,5
1031,980,1551,765,919,282,72,21,11
1032,1692,2167,944,696,254,60,20,10
1033,1811,1581,941,690,365,128,69,48
1034,1921,1943,873,704,302,92,16,26
1035,1373,1733,839,690,226,88,19,9
1036,874,1542,832,848,306,85,14,6
1037,1595,1975,1027,862,255,67,15,8
1038,1651,1550,566,255,117,19,7,9
1039,3184,2573,850,508,169,120,22,8
1040,1628,1655,836,509,193,79,12,31
1041,1744,1266,931,600,257,137,55,23
1042,1564,1771,969,650,271,92,24,27
1043,1240,1074,668,525,314,109,46,53
1044,1377,1990,883,903,273,58,15,7
1045,675,1187,551,841,318,96,13,6
1046,1042,1565,856,877,293,112,20,13
1047,1291,1539,767,683,264,105,20,35
1048,1673,1501,761,662,248,106,39,12
1049,1560,1879,780,770,307,100,36,9
1050,1173,1168,860,622,368,124,74,36
1051,1202,1666,818,747,295,113,40,11
1052,1024,1624,706,470,250,31,28,8
1053,1524,1473,823,448,165,66,20,19
1054,1132,1687,831,721,282,103,23,19
1055,1541,1351,804,510,194,87,26,11
1056,1703,2248,652,548,238,89,39,20
1057,1591,2169,578,348,173,46,25,5
1058,1003,1466,697,656,322,94,25,10
1059,939,1376,688,663,284,90,34,5
1060,1215,1869,821,746,324,75,34,3
1061,2321,2871,773,614,254,96,16,63
1062,1783,2239,700,450,188,70,24,25
1063,1759,2574,704,510,220,79,28,29
1064,1710,2612,761,640,271,123,52,30
1065,1804,2653,784,626,233,98,37,29
1066,1284,1819,581,500,238,102,35,50
1067,1821,2404,1014,756,352,159,24,60
1068,1368,2140,781,676,375,179,53,39
1069,849,1538,773,876,363,171,44,28
1070,941,1718,606,536,330,133,46,26
1071,1383,1935,862,771,358,166,35,43
1072,2458,2428,1134,821,432,205,69,54
1073,1441,2215,1005,1081,442,104,51,20
1074,902,1710,770,701,364,128,55,16
1075,1900,2724,1032,793,413,170,66,86
1076,1503,1992,712,560,270,92,26,39
1077,1568,2136,542,407,180,80,25,19
1078,2271,2935,1257,871,320,151,35,8
1079,2384,2818,1188,886,394,121,72,26
1080,1496,2088,752,566,232,108,32,35
1081,1908,2706,1181,908,402,149,57,29
1082,1393,1318,668,511,216,87,24,10
1083,1572,1128,617,419,187,58,39,8
1084,1862,2959,998,920,368,137,37,29
1085,1908,2403,862,796,291,95,15,18
1086,2017,1453,680,401,169,99,37,34
1087,2010,2850,1027,867,432,127,73,30
1088,2293,2908,1066,940,370,141,81,27
1089,1457,2072,785,692,267,62,47,35
1090,1628,1664,612,598,274,87,39,20
1091,1067,1526,612,424,222,121,58,45
1092,1292,1959,749,522,351,87,56,24
1093,1936,2413,798,682,317,122,66,30
1094,1607,2015,790,705,319,118,30,58
1095,1932,2264,869,655,282,118,45,11
1096,909,1688,593,607,225,86,42,7
1097,1672,1858,543,473,136,87,27,20
1098,1620,1800,721,577,253,96,41,32
1099,1605,2830,1088,986,453,126,52,56
1100,1136,1925,837,806,342,94,20,13
1101,939,1938,904,845,328,123,21,8
1102,1697,2259,1089,1090,348,94,11,13
1103,2179,2095,1010,623,273,79,31,32
1104,1430,1619,1021,702,228,63,17,10
1105,1484,2333,920,826,332,142,20,12
1106,2620,2503,1006,734,264,70,31,19
1107,3414,3030,1160,776,292,123,15,11
1108,1184,1714,757,616,292,126,34,18
1109,1392,2093,1019,1130,506,131,39,43
1110,1341,1672,727,718,370,118,44,14
1111,2435,2310,946,727,302,84,12,20
1112,2070,1920,883,759,210,82,44,9
1113,1801,1771,888,676,314,152,59,46
1114,1818,2314,1062,762,339,139,24,24
1115,1983,2614,1255,1099,431,100,30,15
1116,1558,1984,937,686,277,80,14,16
1117,1389,1387,758,606,440,273,149,74
1118,2212,1963,803,689,299,110,48,26
1119,1147,1444,732,515,191,119,32,20
1120,1658,1889,824,657,229,76,26,7
1121,1591,1480,633,550,274,94,29,22
1122,2244,1666,1101,569,305,164,88,58
1123,1959,1360,805,492,261,101,84,40
1124,1475,1046,658,484,218,97,72,53
1125,3207,1578,534,312,209,70,26,38
1126,1607,1006,536,448,279,145,75,88
1127,1154,1236,672,458,287,138,62,72
1128,1588,2287,931,616,391,140,21,16
1129,1816,2095,790,690,305,125,48,44
1130,1335,1876,561,433,264,103,35,39
1131,1494,2172,617,561,258,123,26,25
1132,1846,2343,669,579,237,94,25,22
1133,1451,1522,483,474,198,63,21,4
1134,1535,2431,901,760,399,161,32,36
1135,1586,2279,654,581,273,116,43,30
1136,1885,2577,738,691,323,89,26,23
1137,1664,2157,858,711,339,128,36,53
1138,1031,1835,770,739,344,103,14,27
1139,703,1308,714,571,355,93,58,32
1140,1381,1649,614,603,242,92,45,17
1141,903,1572,684,662,370,79,27,34
1142,1232,1976,745,647,300,85,24,11
1143,893,1418,713,827,399,121,23,23
1144,1478,1950,788,653,280,70,16,8
1145,1495,1442,588,449,235,73,29,28
1146,1730,1279,597,548,357,257,95,107
1147,2239,2061,796,622,327,135,92,65
1148,962,1762,675,715,239,88,45,7
1149,1047,1664,675,778,230,112,20,0
1150,1047,1427,619,579,183,188,90,62
1151,1356,1500,614,477,259,104,38,31
1152,1937,1689,746,586,294,156,52,87
1153,1824,1623,791,532,247,108,92,41
1154,3497,2316,557,537,153,27,19,2
1155,2057,1767,674,644,170,61,16,4
1156,1308,1804,668,645,258,65,30,3
1157,1714,1829,640,529,220,105,14,37
1158,1705,2267,1012,782,296,112,37,30
1159,1013,1752,1073,980,449,101,35,30
1160,1189,1567,753,607,244,54,23,27
1161,805,1490,827,753,326,100,44,67
1162,850,1419,713,793,316,79,20,12
1163,1000,1677,751,851,342,135,36,29
1164,1460,2014,652,671,314,107,39,32
1165,1214,1588,516,425,279,116,26,22
1166,1463,1842,601,447,261,143,24,20
1167,1249,1707,696,642,234,71,24,14
1168,1386,1998,759,673,351,109,44,16
1169,1493,1838,674,608,313,118,35,21
1170,1773,2203,887,868,306,97,65,8
1171,1310,1843,542,469,267,54,16,28
1172,1404,2087,1153,964,449,129,66,33
1173,1587,2047,800,648,316,68,31,17
1174,1248,1397,630,518,332,98,32,33
1175,1622,1850,862,650,253,79,29,18
1176,1426,1760,935,634,361,97,34,18
1177,2103,2241,1058,737,320,116,24,10
1178,1468,1507,636,506,232,96,26,29
1179,1413,1407,640,525,223,102,49,21
1180,954,1240,711,587,270,78,38,19
1181,1188,1285,733,551,239,79,27,15
1182,1737,1364,699,489,235,99,49,37
1183,1102,1230,609,483,192,56,20,12
1184,1619,2277,1145,858,413,181,29,16
1185,1332,1504,657,588,258,87,42,29
1186,1368,1500,720,479,233,56,32,9
1187,2192,2206,988,684,336,73,21,43
1188,1311,1717,726,585,262,137,33,19
1189,1930,2127,969,819,383,117,49,33
1190,1514,1995,792,615,389,119,39,32
1191,2167,2756,1259,881,468,188,62,27
1192,1555,1858,738,638,288,93,57,12
1193,1321,1657,549,416,217,71,31,32
1194,1299,1557,682,455,235,97,62,16
1195,1483,1857,596,477,242,93,27,19
1196,1249,1953,823,733,306,141,42,33
1197,1612,2168,809,569,333,123,29,22
1198,2137,2455,1054,882,362,110,33,25
1199,1457,1801,652,536,268,117,33,30
1200,1307,1987,907,652,307,131,34,31
1201,934,1406,634,648,293,144,15,10
1202,1384,1653,614,556,263,59,27,28
1203,1176,1566,669,589,260,78,27,11
1204,3600,2256,882,512,336,169,58,33
1205,1804,1869,775,474,270,120,26,22
1206,1120,1757,860,721,333,119,64,22
1207,906,1439,672,637,336,93,15,3
1208,2355,2019,871,669,260,86,55,23
1209,1006,1777,762,573,338,100,43,29
1210,1385,1889,733,521,296,95,46,58
1211,1150,1802,572,483,221,77,39,41
1212,1293,2000,620,599,221,79,45,28
1213,1277,1631,642,496,174,81,37,34
1214,1044,1442,693,500,230,123,42,17
1215,940,1540,692,649,289,101,14,18
1216,930,1742,930,893,401,151,48,17
1217,1572,1855,840,664,238,100,21,8
1218,1389,1481,797,492,215,88,51,24
1219,1511,1570,829,546,302,120,32,3
1220,1526,1549,636,445,174,58,14,26
1221,1366,1671,840,573,204,53,20,16
1222,1648,1846,641,566,216,61,10,4
1223,1219,1619,742,698,260,69,8,7
1224,2211,2405,996,802,313,81,40,4
1225,1392,2086,804,781,318,79,12,16
1226,2873,1498,631,352,177,63,14,24
1227,3580,2839,952,664,310,120,59,30
1228,903,1522,759,582,259,145,13,8
1229,868,1656,678,573,280,145,42,5
1230,1269,1807,713,583,338,89,52,28
1231,1315,1881,779,565,250,97,44,7
1232,1270,1477,657,530,246,75,30,11
1233,1128,1609,547,420,238,113,20,14
1234,1398,2024,643,455,216,66,63,40
1235,1310,2379,943,838,329,160,59,49
1236,2052,1876,670,442,227,98,21,13
1237,1759,2101,805,586,172,99,15,26
1238,1411,2420,687,594,381,119,48,33
1239,1881,2388,933,875,449,182,61,23
1240,1553,2072,597,488,255,75,46,16
1241,2488,3508,1119,896,342,102,44,26
1242,2189,2497,784,579,257,97,49,34
1243,1937,2270,721,633,251,117,34,52
1244,1795,2395,857,694,281,85,19,11
1245,1747,2318,736,604,341,166,47,63
1246,1466,1636,631,410,195,81,24,29
1247,1484,1708,490,482,259,115,25,31
1248,2012,2642,854,864,515,236,46,50
1249,1196,1667,596,477,270,107,26,32
1250,1243,1707,482,476,261,91,33,50
1251,1430,1654,632,506,339,101,38,12
1252,1796,2101,653,554,326,115,36,24
1253,1110,1567,574,476,273,126,36,23
1254,1378,2273,1084,1034,521,217,74,41
1255,2187,2223,966,691,363,156,73,21
1256,1521,2234,763,762,308,122,13,22
1257,2072,2593,1019,983,441,161,50,39
1258,1610,2002,989,755,461,120,42,15
1259,1442,1203,591,401,272,153,53,45
1260,1631,1181,482,433,247,142,92,73
1261,2922,2594,1102,706,402,148,64,42
1262,889,1931,828,552,269,121,43,29
1263,1369,1817,954,763,379,180,70,32
1264,1840,2658,865,673,353,165,54,19
1265,1990,2491,883,683,330,195,46,36
1266,1448,1883,932,689,353,166,39,43
1267,984,1605,748,738,304,193,60,20
1268,1192,1758,991,941,636,249,85,91
1269,1213,1406,773,728,427,198,102,72
1270,1618,925,595,515,309,186,89,68
1271,1617,1486,767,562,333,165,91,38
1272,1915,2364,892,629,267,97,20,19
1273,2283,2924,1333,1148,525,201,60,57
1274,2690,2017,827,569,290,99,48,30
1275,1572,1696,698,624,392,154,58,58
1276,2586,3439,1241,1083,462,153,37,31
1277,1536,2375,944,825,424,147,88,41
1278,1597,2097,955,688,363,95,63,45
1279,1601,1929,603,483,137,46,30,18
1280,1471,2346,710,480,198,49,36,10
1281,1507,2366,939,776,276,63,15,10
1282,1158,1731,642,584,183,85,24,15
1283,1445,1906,597,498,220,40,23,15
1284,897,1698,685,572,253,96,15,5
1285,1092,2062,1149,910,310,134,55,14
1286,1451,1555,769,485,204,90,42,20
1287,1455,1816,864,784,288,92,32,29
1288,2018,3032,1267,1104,431,93,31,7
1289,1442,1530,579,410,221,81,41,21
1290,1276,1723,856,756,378,150,42,34
1291,1272,1226,738,542,268,108,62,29
1292,1206,1495,864,701,277,65,35,12
1293,1706,1828,1076,821,272,91,25,7
1294,1039,1285,763,822,309,109,34,17
1295,664,1178,684,756,271,57,14,12
1296,786,1305,645,693,248,72,9,3
1297,787,1164,685,747,299,118,44,32
1298,630,1091,702,771,297,76,16,1
1299,1027,1096,844,773,424,177,99,60
1300,1043,1113,751,695,383,200,76,74
1301,962,1270,660,589,264,107,31,19
1302,775,1263,676,720,237,66,21,12
1303,1727,2136,1098,698,225,56,21,15
1304,1148,1086,792,569,312,113,30,35
1305,1426,1570,1016,713,420,121,43,35
1306,1709,1943,926,642,237,110,38,22
1307,1300,1276,997,674,386,99,45,30
1308,1053,1769,804,714,261,83,13,18
1309,1255,1604,641,746,262,78,43,8
1310,859,1212,902,810,222,98,29,15
1311,652,1183,695,708,301,105,45,25
1312,814,1079,803,646,298,120,47,23
1313,771,1028,819,659,258,121,41,18
1314,1083,1301,791,815,384,108,64,48
1315,871,995,823,672,309,118,35,15
1316,839,1290,799,632,239,60,20,13
1317,916,1321,687,663,245,55,12,34
1318,994,1161,749,670,283,91,27,8
1319,1465,1477,560,447,216,86,16,14
1320,789,1246,662,681,288,115,25,25
1321,1397,1362,582,514,264,56,28,17
1322,990,1195,607,578,284,84,18,15
1323,988,1292,674,658,244,69,27,17
1324,478,1130,672,728,298,102,20,13
1325,1276,2049,711,578,231,75,29,3
1326,1367,1503,677,524,278,50,19,25
1327,1218,1139,459,432,292,155,141,412
1328,1648,1748,566,470,256,72,29,4
1329,1037,1541,705,564,211,78,17,11
1330,1886,1310,983,691,390,143,38,54
1331,1664,1146,742,538,246,109,51,28
1332,1224,1223,705,616,271,95,27,25
1333,2340,1752,1124,861,423,192,94,49
1334,1016,1274,665,704,235,42,26,6
1335,713,1123,608,705,290,91,25,7
1336,1277,1508,735,878,312,104,37,32
1337,954,1529,851,888,355,94,10,9
1338,873,1254,802,757,246,93,15,8
1339,1240,1494,747,665,318,65,21,3
1340,1222,1930,934,807,303,117,27,10
1341,1176,1419,677,568,220,67,24,5
1342,951,992,773,763,365,137,49,45
1343,840,1087,777,624,249,100,42,10
1344,830,1145,644,786,295,78,12,0
1345,795,981,665,578,239,90,42,30
1346,1106,1097,713,649,273,85,38,15
1347,1278,1563,824,651,394,90,22,20
1348,1671,1996,995,872,358,97,24,17
1349,1328,1944,911,945,383,162,43,39
1350,1143,1135,802,559,287,132,50,43
1351,1577,1572,717,671,238,76,13,29
1352,1386,1645,1012,674,382,133,33,19
1353,1098,1481,741,670,286,88,17,15
1354,1320,1532,862,736,275,77,25,9
1355,1252,1760,1033,995,412,122,41,34
1356,1405,1089,554,516,250,119,60,34
1357,1208,1756,1004,805,289,64,23,7
1358,1018,1225,657,554,246,78,22,1
1359,1012,1253,621,513,240,97,30,40
1360,1041,1111,591,476,261,120,30,23
1361,1270,1772,604,504,176,86,16,23
1362,930,1132,564,497,314,180,88,91
1363,894,1186,567,411,275,98,32,39
1364,1745,1662,537,425,157,63,4,14
1365,1354,1170,538,369,185,96,57,18
1366,2148,2396,779,490,239,89,37,10
1367,1163,1961,785,584,340,163,50,51
1368,995,1560,509,359,236,67,39,16
1369,1392,1752,546,403,149,45,20,9
1370,1635,1529,581,322,149,56,12,20
1371,1670,1227,558,472,217,74,19,12
1372,1748,1454,558,360,131,50,16,10
1373,1301,1686,706,641,235,98,26,18
1374,1004,1051,595,575,338,124,56,17
1375,1486,1404,444,319,145,93,33,20
1376,723,1239,579,552,244,139,48,32
1377,1294,1427,720,457,212,90,18,1
1378,1688,1954,715,578,340,106,42,21
1379,1029,1513,666,628,362,118,39,19
1380,1228,1538,618,439,207,82,39,39
1381,1986,2562,964,801,260,104,24,22
1382,1523,2050,799,508,232,67,15,5
1383,1266,1715,671,497,189,81,20,34
1384,2172,1953,826,674,349,150,38,32
1385,1258,1702,627,478,174,65,19,21
1386,1454,1916,789,700,269,129,16,21
1387,1202,1673,740,577,235,90,40,46
1388,2212,1677,755,484,218,99,39,40
1389,1336,1965,803,655,289,70,15,5
1390,1980,2258,1019,743,341,119,25,9
1391,1215,1718,703,471,227,103,21,25
1392,1388,1928,718,526,293,102,35,35
1393,1680,2070,813,697,241,55,20,4
1394,1957,1433,606,409,151,62,28,24
1395,1653,1025,589,384,187,76,23,10
1396,1595,1854,813,561,262,63,37,9
1397,963,1465,694,511,226,49,37,13
1398,1842,2622,1024,840,356,95,9,36
1399,1194,1415,645,450,187,98,29,10
1400,1590,1648,586,495,161,63,25,7
1401,1207,1610,603,479,237,91,34,6
1402,1709,1729,593,545,180,60,14,7
1403,1671,1679,761,699,196,50,17,9
1404,1224,1639,711,588,237,46,22,9
1405,2307,2252,966,661,265,127,12,10
1406,2307,1644,905,681,246,143,51,42
1407,2134,1404,637,453,202,122,40,28
1408,1944,2652,987,816,366,92,27,20
1409,1096,1556,600,485,182,57,18,12
1410,1586,2032,787,566,268,63,29,36
1411,1180,1683,683,465,206,77,40,24
1412,1241,1567,610,439,222,73,19,48
1413,1863,1789,842,581,249,65,31,6
1414,1422,1804,691,537,200,67,8,3
1415,1096,1793,819,615,249,95,9,27
1416,2073,2255,1012,712,256,125,39,15
1417,1935,1392,605,332,156,59,17,5
1418,2525,2880,1276,974,343,99,30,18
1419,1294,1605,659,397,169,40,17,21
1420,1944,1679,623,460,216,79,27,9
1421,1076,1691,660,494,243,79,9,19
1422,1367,1794,596,403,193,85,31,37
1423,1272,1565,531,377,148,37,23,5
1424,1397,1436,625,441,148,50,20,11
1425,1101,1634,545,390,186,69,33,24
1426,1532,1802,683,526,255,92,35,44
1427,1759,1943,762,537,175,82,21,24
1428,1332,1450,684,437,187,52,35,13
1429,1702,1946,874,630,250,103,27,21
1430,1211,1710,718,603,262,89,22,13
1431,1776,2157,956,734,394,126,36,27
1432,1191,1278,774,640,306,129,44,15
1433,1157,1474,651,654,266,113,61,21
1434,807,1149,775,605,318,140,77,146
1435,675,1159,616,615,248,120,66,22
1436,976,1097,563,520,254,129,41,42
1437,510,621,413,397,293,201,156,298
1438,814,1245,660,567,210,77,29,9
1439,1296,1744,858,864,319,71,48,26
1440,894,1801,837,793,353,89,18,16
1441,874,1117,714,813,284,105,53,19
1442,1641,1931,1061,976,402,107,46,14
1443,2411,2096,1245,1017,424,185,62,46
1444,2254,2000,1170,975,466,142,53,47
1445,874,1259,675,723,308,133,29,20
1446,818,1231,687,714,328,72,17,10
1447,585,983,710,738,273,109,30,15
1448,707,1075,705,693,325,123,41,75
1449,570,988,696,719,408,160,81,32
1450,987,960,721,710,419,216,101,147
1451,650,993,693,740,373,136,31,32
1452,769,1144,697,740,281,108,19,14
1453,544,1004,699,748,271,74,24,7
1454,802,1007,666,681,303,91,29,21
1455,614,947,693,672,341,132,64,58
1456,1004,1144,626,476,264,164,43,20
1457,790,1110,692,556,246,68,44,21
1458,554,1176,615,693,205,73,19,6
1459,827,1237,718,849,272,98,11,4
1460,857,1262,617,601,284,98,13,14
1461,1607,2021,803,634,236,97,42,14
1462,965,1350,822,637,378,118,38,44
1463,1306,1313,658,726,333,143,53,27
1464,650,964,684,656,323,143,30,22
1465,742,1001,679,544,236,85,21,18
1466,580,634,507,470,401,202,128,252
1467,690,976,596,610,290,106,33,24
1468,707,940,601,571,246,82,45,45
1469,773,867,597,556,242,168,78,74
1470,1504,1269,677,449,249,76,29,31
1471,1415,1218,920,738,433,205,50,71
1472,1765,1418,669,576,213,99,26,11
1473,1349,1167,799,629,308,134,40,41
1474,1876,1285,1099,848,452,175,97,43
1475,1323,1120,854,547,387,178,54,69
1476,1265,1070,947,707,376,169,66,39
1477,1575,1067,903,758,433,128,47,64
1478,1903,1655,1213,968,437,183,86,72
1479,1715,1175,927,726,374,204,45,64
1480,2476,2186,1279,832,487,212,115,75
1481,1632,1488,798,494,214,52,29,39
1482,2338,1563,837,547,248,85,28,9
1483,2178,1426,697,406,180,65,20,9
1484,5209,3468,1221,864,246,38,5,1
1485,4673,3115,1007,762,187,51,6,5
1486,5225,2709,681,324,94,21,1,0
1487,4206,2637,707,322,99,11,0,0
1488,3482,2196,824,445,150,52,41,10
1489,3675,2511,957,506,97,26,1,0
1490,1159,1665,1110,1195,484,148,42,19
1491,1017,1327,805,867,391,181,96,40
1492,1646,1661,999,904,476,204,86,90
1493,1972,2498,983,603,218,105,97,148
1494,1292,1387,855,574,316,139,74,71
1495,1674,1654,860,592,294,186,69,118
1496,2331,2224,872,501,147,56,26,41
1497,1378,1747,886,649,142,50,29,9
1498,1881,1885,895,511,248,79,44,35
1499,1939,1101,733,471,237,94,38,26
1500,1736,1264,1060,697,561,184,93,102
1501,1505,1932,1269,1089,588,272,101,119
1502,1478,1318,957,673,315,126,69,41
1503,1438,1345,637,423,242,112,41,40
1504,918,1109,774,760,404,263,115,94
1505,1461,1407,652,661,349,111,80,46
1506,914,1043,636,595,433,280,196,313
1507,1687,1596,913,707,384,225,87,124
1508,1471,1641,989,755,375,189,87,86
1509,1332,1620,1214,1162,574,275,95,92
1510,1432,1567,648,514,230,121,37,43
1511,2528,2553,1008,589,253,104,28,34
1512,1276,1211,972,871,469,211,88,143
1513,2098,2592,1785,1379,503,201,69,48
1514,1061,1414,779,730,217,88,31,15
1515,1180,1558,1180,1093,596,247,117,134
1516,1443,1613,1015,719,467,157,79,53
1517,857,1075,828,731,403,217,108,54
1518,2014,1631,804,490,151,51,20,19
1519,1674,1730,914,597,279,123,29,25
1520,1299,1823,1303,1059,480,153,61,55
1521,872,1063,792,826,431,185,98,113
1522,1666,1624,1477,1205,699,273,119,164
1523,661,949,794,766,404,188,77,68
1524,1248,1164,674,514,378,154,77,67
1525,1529,2330,690,455,258,41,27,9
1526,1837,2367,908,732,286,80,44,23
1527,1689,2034,914,676,224,92,46,17
1528,1205,1733,777,589,249,63,12,11
1529,1290,1765,784,520,258,87,27,17
1530,1317,1457,673,367,170,79,20,8
1531,1227,1768,708,481,265,87,29,16
1532,1308,1577,593,424,150,59,9,9
1533,1726,1946,999,639,344,130,24,4
1534,1235,1328,583,456,209,70,23,12
1535,1535,2301,1277,1035,502,153,60,28
1536,2000,1864,827,587,213,76,17,18
1537,2119,2185,855,610,206,64,23,13
1538,886,1370,858,875,355,91,30,11
1539,1049,1580,810,755,336,98,44,17
1540,952,1461,868,680,322,97,21,23
1541,1185,1586,854,818,270,81,21,10
1542,1320,1959,935,824,268,53,22,10
1543,705,1196,956,1098,385,134,29,3
1544,2564,2480,997,670,265,106,23,35
1545,1672,1802,931,548,325,139,23,6
1546,1573,1881,816,710,259,46,36,13
1547,1329,1975,807,579,268,92,29,10
1548,1880,2210,1079,776,320,132,30,15
1549,2041,1989,754,606,229,76,16,17
1550,1653,1470,771,438,227,103,20,8
1551,926,1760,768,678,302,103,39,38
1552,1466,1992,881,535,312,94,33,40
1553,1455,1312,693,419,210,70,16,25
1554,1860,1593,721,423,299,109,49,36
1555,1385,2105,811,666,293,99,15,4
1556,1000,1664,685,493,194,68,40,38
1557,1282,1731,773,516,274,71,28,26
1558,1422,2126,820,521,280,102,46,11
1559,2130,2014,705,515,177,69,12,0
1560,1450,2076,764,544,187,76,15,9
1561,1416,1813,683,435,193,51,21,17
1562,1398,2140,619,403,146,55,13,10
1563,1817,2723,900,615,216,71,22,13
1564,1677,2097,740,515,206,84,38,8
1565,1254,1875,903,617,267,114,12,28
1566,1707,2346,953,738,305,139,13,14
1567,1388,2015,964,744,384,89,29,16
1568,977,1458,725,531,260,79,25,11
1569,1230,1553,659,511,236,78,24,10
1570,2075,1788,654,406,199,59,33,13
1571,1733,1393,659,518,212,86,38,23
1572,1539,1306,692,501,259,95,35,22
1573,1831,2203,962,941,301,65,7,3
1574,1747,1620,764,417,188,96,24,19
1575,1477,2113,1082,875,320,94,16,8
1576,1316,1515,902,678,248,122,25,5
1577,1056,1594,866,783,342,77,28,15
1578,1277,1710,920,877,366,126,49,38
1579,930,1486,740,658,236,94,16,27
1580,1407,1933,804,630,360,100,37,9
1581,1713,2458,1145,832,350,98,39,25
1582,1551,2035,919,687,311,78,49,19
1583,1548,1907,624,558,267,67,9,18
1584,1176,1457,752,624,365,103,28,33
1585,1335,1459,710,526,260,130,47,20
1586,1404,1604,833,579,274,80,36,17
1587,1127,1608,694,527,226,63,36,1
1588,2094,2360,1130,895,358,104,20,16
1589,1170,1529,659,452,187,75,37,9
1590,1702,2218,761,533,169,74,16,10
1591,1142,1780,957,586,279,83,40,3
1592,1228,1615,676,631,217,65,24,9
1593,2491,2695,1085,663,234,68,24,6
1594,1514,2806,589,449,158,62,13,11
1595,1275,1415,617,393,194,79,22,7
1596,2038,1415,614,405,151,80,21,5
1597,1088,1205,642,520,228,61,30,9
1598,1023,1323,765,501,243,115,33,17
1599,1195,1308,711,483,245,98,44,22
1600,1461,1660,828,565,256,87,35,15
1601,979,1495,677,592,260,141,27,53
1602,591,1301,800,1042,384,159,41,38
1603,2668,3159,1053,889,514,187,70,52
1604,1705,1965,617,468,277,103,42,34
1605,1683,2184,798,665,362,72,12,9
1606,1584,1688,595,505,144,73,31,26
1607,2369,2626,1149,880,417,90,24,26
1608,1272,1889,710,583,275,117,38,22
1609,1169,1648,606,564,268,86,43,7
1610,1610,2210,982,783,366,121,29,2
1611,2201,2027,886,540,218,105,22,19
1612,2059,1527,866,504,299,137,33,39
1613,1339,1804,614,447,212,69,22,6
1614,1584,2181,747,578,229,115,12,27
1615,1875,1797,845,521,250,102,42,33
1616,1553,2595,1010,898,392,78,18,11
1617,1288,1526,551,509,230,73,29,9
1618,2388,2148,772,577,252,78,26,18
1619,1279,1771,736,577,210,62,11,18
1620,1748,1906,749,500,235,46,30,18
1621,1884,1269,631,411,250,76,33,15
1622,2412,1513,733,433,249,118,35,25
1623,1736,1422,637,388,180,77,15,9
1624,3326,1889,925,511,209,104,49,26
1625,2587,1936,966,495,199,86,30,13
1626,1843,2070,806,707,273,67,16,7
1627,1563,1629,610,401,176,67,17,3
1628,1189,1610,597,585,245,69,22,13
1629,939,1759,661,552,218,102,48,78
1630,1154,1376,513,397,184,74,22,58
1631,1502,2069,795,606,245,60,32,42
1632,2902,2742,1192,810,350,123,24,28
1633,1755,1655,736,425,211,68,15,12
1634,1805,2144,993,787,303,96,39,11
1635,1173,1670,695,642,227,75,30,11
1636,1425,1692,636,563,165,76,16,13
1637,1543,1434,633,434,157,99,33,19
1638,1958,1638,569,381,138,73,24,11
1639,1165,1601,631,512,178,70,29,18
1640,1748,2514,950,1062,404,161,29,29
1641,1200,1599,628,488,237,116,48,61
1642,1173,1630,633,489,236,109,20,42
1643,1451,1828,645,523,255,77,39,23
1644,1372,1827,708,537,282,90,21,11
1645,1249,1718,675,432,295,102,37,15
1646,1227,1470,579,426,260,68,22,10
1647,1251,1665,681,630,263,118,36,18
1648,1179,1679,703,484,276,124,63,42
1649,1643,2274,934,725,319,125,33,34
1650,1055,1464,684,506,270,158,74,89
1651,1167,1656,641,444,200,90,58,25
1652,1577,2156,803,704,245,106,22,29
1653,2097,1885,816,643,251,110,41,25
1654,1257,1878,797,591,263,98,44,27
1655,1258,1539,576,455,184,83,37,19
1656,1737,1988,689,542,251,80,29,16
1657,1300,1624,560,423,189,68,28,16
1658,1295,1699,736,607,281,68,37,11
1659,1499,2485,1056,745,377,151,52,35
1660,1289,1979,925,804,423,134,64,11
1661,1370,2366,1244,1325,463,178,29,21
1662,1413,1817,748,678,251,57,22,17
1663,1285,1428,711,583,219,57,10,3
1664,1394,1608,766,739,220,78,33,4
1665,1742,1746,642,502,183,99,7,11
1666,2087,1796,534,264,79,67,6,21
1667,1827,1502,828,550,372,157,71,50
1668,1670,1317,539,445,296,78,26,21
1669,1716,1640,673,482,325,111,16,21
1670,1091,1427,717,606,273,102,28,13
1671,1214,1318,526,486,254,88,62,58
1672,1096,1317,790,595,266,81,24,10
1673,1224,1980,962,722,400,131,40,30
1674,1588,2015,847,554,292,115,37,19
1675,1167,1580,592,419,241,77,13,12
1676,1399,2174,779,646,332,172,47,20
1677,1395,1779,597,506,216,76,17,36
1678,1711,1866,885,567,232,90,26,15
1679,2678,2211,945,632,312,130,49,42
1680,1747,2061,662,594,229,88,15,10
1681,1854,2433,934,817,308,159,35,17
1682,1073,1498,649,477,208,79,41,28
1683,1048,1489,570,494,258,86,40,27
1684,1313,1636,617,453,200,60,16,21
1685,1566,1862,896,575,244,88,68,6
1686,1169,1579,616,565,292,100,42,31
1687,707,1499,688,722,291,98,20,36
1688,1016,1470,681,774,183,71,14,18
1689,795,1422,680,712,354,108,28,19
1690,1499,1698,800,678,304,81,35,53
1691,1189,1685,788,560,226,125,44,18
1692,1029,1549,739,544,310,114,33,18
1693,1800,2038,939,666,352,140,42,30
1694,1887,1450,667,360,212,100,18,45
1695,2576,1691,551,343,146,112,27,33
1696,2226,1620,603,439,149,40,18,16
1697,1437,1513,683,516,159,67,29,12
1698,920,1415,693,639,311,62,25,11
1699,1337,1904,815,647,308,103,41,33
1700,1009,1716,647,549,297,121,33,18
1701,1656,2479,932,733,384,158,41,36
1702,1021,1536,559,453,252,104,26,33
1703,1899,2384,1028,787,463,169,47,40
1704,1148,1443,550,528,242,48,56,14
1705,1141,1506,556,492,287,91,33,21
1706,1139,1187,483,468,242,105,26,4
1707,1065,1511,626,543,216,60,23,19
1708,1150,1375,547,488,262,91,42,20
1709,1317,1682,760,527,282,75,38,18
1710,954,1543,848,618,350,105,46,24
1711,2773,3743,1762,1439,556,238,66,37
1712,1194,1124,510,586,280,163,52,7
1713,2213,2184,998,717,310,166,36,8
1714,1556,2043,1021,749,340,125,7,5
1715,1338,1601,753,546,280,130,21,29
1716,1236,1229,710,525,301,124,40,39
1717,1885,1661,634,365,199,58,21,16
1718,952,1442,678,594,308,84,29,15
1719,1253,1715,727,669,227,73,53,23
1720,3571,3016,1037,733,319,129,46,6
1721,1930,2532,1311,1077,556,250,81,54
1722,1208,1342,693,612,368,139,55,41
1723,1662,2439,1012,902,394,205,37,33
1724,997,1692,761,613,304,140,50,15
1725,1594,2122,802,646,364,137,31,39
1726,1343,1638,578,571,267,86,34,47
1727,1661,2044,743,646,294,105,58,22
1728,1031,1423,611,427,200,87,38,18
1729,1201,1778,752,554,268,117,66,34
1730,1228,1797,676,502,248,115,30,31
1731,1289,1801,503,478,239,112,28,17
1732,1771,3104,1156,876,362,113,32,22
1733,2044,2780,836,612,305,114,33,27
1734,2138,3251,1309,917,489,155,49,38
1735,2009,2242,857,654,304,63,35,35
1736,1389,1657,689,525,200,99,16,19
1737,1110,1896,603,470,221,65,33,29
1738,2213,3026,1016,635,282,125,53,40
1739,1320,1596,621,493,207,131,31,32
1740,1220,1904,535,429,224,51,6,16
1741,1239,1941,581,431,205,90,40,14
1742,962,1161,609,520,287,131,70,25
1743,1209,1362,616,450,200,102,56,25
1744,805,1430,615,556,323,147,60,71
1745,1615,2530,1032,799,409,195,89,39
1746,1399,1791,807,574,214,62,22,30
1747,1311,1522,727,507,306,160,50,31
1748,1329,1688,791,582,205,47,28,22
1749,1936,1994,724,591,135,71,9,6
1750,3145,2494,662,574,138,50,11,7
1751,1434,1927,898,791,450,222,85,46
1752,743,1688,543,583,216,103,52,33
1753,1852,2608,1075,923,372,152,42,44
1754,1180,1788,659,673,298,59,32,11
1755,1249,1601,667,715,257,92,26,15
1756,786,1318,653,739,282,146,41,39
1757,1020,1587,707,634,249,119,35,46
1758,881,1425,803,675,233,134,15,23
1759,1449,1743,616,594,175,58,23,12
1760,1538,1399,534,423,226,105,34,18
1761,1851,2566,985,853,284,151,19,38
1762,1512,2032,768,555,211,71,42,33
1763,2175,2731,1046,719,265,117,34,17
1764,1227,1759,589,438,246,93,36,14
1765,1541,2333,817,686,268,108,27,35
1766,1411,2002,957,768,409,98,45,16
1767,1584,1398,718,482,203,90,16,30
1768,1523,1955,780,596,287,87,31,8
1769,1811,1863,840,587,225,55,21,22
1770,1597,1580,772,589,253,73,54,32
1771,1506,1933,805,558,203,66,27,20
1772,1779,2280,915,654,271,73,33,22
1773,1433,1733,717,447,159,96,28,31
1774,1472,2279,869,625,304,117,59,46
1775,1762,2179,855,645,259,65,13,39
1776,1684,2247,887,652,231,58,31,41
1777,1450,1700,643,482,236,66,33,20
1778,1251,1659,634,504,201,78,20,15
1779,2050,2353,981,720,258,52,31,9
1780,2134,2791,1135,1039,352,143,35,17
1781,4067,2869,996,483,217,94,29,14
1782,2065,1705,738,386,185,61,25,1
1783,1563,1700,638,505,249,29,15,14
1784,1809,2243,1041,878,366,89,18,11
1785,1994,1992,785,596,208,58,8,8
1786,3098,2898,981,667,267,112,20,15
1787,1931,1764,717,422,184,75,38,13
1788,1841,1932,799,554,243,80,9,8
1789,1289,1714,742,649,237,59,9,3
1790,1726,2334,970,677,278,87,30,32
1791,1166,1674,675,468,191,55,18,8
1792,2111,2487,894,689,242,83,16,0
1793,1273,1765,661,481,179,56,14,13
1794,1847,1998,864,531,282,99,24,19
1795,2020,2612,968,731,366,132,36,20
1796,1450,2077,892,642,255,104,45,46
1797,1893,2345,894,780,251,99,22,6
1798,2246,2188,917,706,333,113,64,53
1799,1211,1748,693,639,185,82,26,12
1800,1387,2016,818,677,293,82,38,44
1801,1754,2130,946,700,223,65,27,27
1802,1100,1696,838,602,318,64,31,25
1803,1426,1545,800,639,419,138,72,39
1804,1398,2239,907,737,290,76,43,17
1805,1231,1891,852,680,336,104,38,21
1806,1556,2269,1040,829,388,118,20,21
1807,1195,1290,569,615,350,119,48,34
1808,1893,2222,990,809,380,138,54,22
1809,1314,2274,893,727,356,140,20,29
1810,1169,1881,941,720,319,94,19,24
1811,1321,1949,841,774,350,107,37,14
1812,1593,2203,1175,1020,353,137,50,6
1813,1684,2248,1171,988,436,141,74,29
1814,1161,1751,949,965,330,109,19,4
1815,1133,1588,788,736,286,79,41,8
1816,1588,1873,882,717,285,62,28,6
1817,1328,1693,736,615,262,102,20,21
1818,1279,1678,732,779,265,131,35,32
1819,1719,2323,1021,905,374,96,43,19
1820,1898,1816,920,717,382,119,55,38
1821,1442,1271,877,652,409,152,52,45
1822,1416,1255,723,721,367,143,46,32
1823,2298,1551,929,659,311,87,69,67
1824,1913,1501,905,721,362,192,83,67
1825,2308,2048,779,484,189,75,27,29
1826,2047,925,575,370,162,59,24,4
1827,2047,1345,790,382,128,131,67,19
1828,3582,2607,678,423,77,16,2,3
1829,2228,1432,839,466,256,93,64,34
1830,1740,1552,815,581,194,107,20,6
1831,1164,1659,794,679,303,109,23,7
1832,1767,1830,1010,773,427,130,80,37
1833,1770,1577,871,636,325,145,56,18
1834,1169,1474,803,696,264,89,18,6
1835,1111,1459,644,709,262,62,25,0
1836,1367,1991,830,674,243,59,19,20
1837,1247,1887,947,902,363,126,45,36
1838,726,1442,688,705,311,114,36,36
1839,1327,1679,612,571,261,89,48,15
1840,985,1750,685,556,214,121,37,17
1841,1199,2231,858,811,393,189,108,204
1842,1279,2053,752,732,256,62,33,19
1843,1819,2151,1099,789,295,149,59,26
1844,1225,1955,838,745,255,54,39,13
1845,1208,2226,969,786,327,107,43,56
1846,1295,1907,770,644,254,97,22,14
1847,1253,1960,730,569,237,129,51,31
1848,1584,2201,763,628,217,100,18,37
1849,1753,1956,755,632,250,83,26,25
1850,1676,2211,917,697,257,106,31,1
1851,1308,1409,609,445,139,76,19,10
1852,1700,1905,897,695,286,98,26,5
1853,2230,2129,1193,908,376,101,29,11
1854,2092,1796,879,782,412,108,53,38
1855,1676,1707,763,587,227,37,23,11
1856,2128,2374,1128,836,323,93,33,23
1857,1650,2030,789,670,192,38,15,14
1858,1288,1903,794,606,225,82,7,1
1859,2144,3152,1289,875,342,98,50,37
1860,1016,1543,657,525,251,76,32,15
1861,1817,2177,1116,833,362,113,41,17
1862,1918,1699,646,453,175,75,23,10
1863,1439,2199,1136,897,389,152,26,12
1864,2105,2836,1148,932,444,120,42,50
1865,1555,1634,729,449,266,87,24,8
1866,1633,2563,1156,899,399,179,28,49
1867,2035,2094,860,543,308,81,22,13
1868,1097,1662,834,799,300,77,37,25
1869,1411,1818,794,797,320,107,28,9
1870,1487,2325,1134,997,438,148,39,37
1871,1639,2021,786,605,219,80,19,23
1872,1931,2381,1276,992,449,164,58,30
1873,3041,2478,1063,773,287,91,34,19
1874,1184,1525,618,471,251,56,40,13
1875,1654,2298,901,806,334,122,12,11
1876,2233,2459,1306,818,392,117,50,26
1877,2332,2584,1295,990,397,162,86,16
1878,1481,1739,754,481,200,89,38,20
1879,1381,2455,1013,615,235,74,21,6
1880,2281,3202,884,558,263,93,19,16
1881,1517,2058,1126,783,291,100,42,25
1882,2912,3445,1195,760,258,83,15,8
1883,1610,2490,1083,819,352,92,46,1
1884,2524,2572,1316,914,467,159,43,21
1885,2489,2543,1037,621,322,121,43,38
1886,2106,3724,1120,705,319,126,39,33
1887,2169,2948,1171,815,357,129,64,21
1888,1211,1595,659,363,187,68,16,19
1889,2302,2959,887,902,376,114,38,19
1890,992,1168,455,376,226,117,76,92
1891,1706,2175,617,561,324,108,25,33
1892,1762,1992,622,587,295,101,32,29
1893,1275,1909,777,713,357,138,19,17
1894,2376,2407,856,916,418,95,50,28
1895,1477,2061,937,584,273,107,30,15
1896,1659,2032,813,595,220,93,16,7
1897,1847,2518,1507,1125,506,168,54,51
1898,1542,2610,1160,918,367,179,63,21
1899,1569,2395,1212,967,374,123,39,26
1900,1349,1795,690,544,353,94,47,14
1901,1570,1827,768,483,284,76,25,10
1902,1234,1884,674,431,205,70,21,20
1903,1324,1787,765,601,237,61,45,26
1904,1434,1641,705,482,189,55,25,6
1905,1242,1733,651,455,212,62,27,37
1906,1947,2584,992,628,272,96,24,16
1907,1646,2034,825,550,209,84,26,7
1908,1335,1737,733,560,226,92,43,17
1909,1379,2218,925,717,308,123,22,42
1910,1145,1518,702,522,261,51,19,17
1911,1045,1641,747,550,255,79,19,20
1912,3102,2527,1098,620,249,91,23,33
1913,1458,2277,1045,914,353,93,28,8
1914,1305,2020,791,565,245,71,39,16
1915,1591,2407,895,579,256,141,57,26
1916,1857,2463,1045,816,396,183,41,34
1917,1986,1477,695,412,168,68,28,32
1918,1746,1886,595,467,165,45,22,21
1919,1013,1947,751,618,269,67,20,12
1920,1122,1648,735,505,232,71,44,23
1921,1450,2066,816,619,271,121,28,36
1922,961,1817,918,748,363,75,34,45
1923,894,1482,898,885,444,147,58,20
1924,1428,2277,1190,887,325,147,40,38
1925,2061,2316,999,669,407,171,42,24
1926,1387,1522,828,416,220,101,29,39
1927,2193,1695,687,377,199,56,26,23
1928,1515,1797,828,572,258,97,56,41
1929,2300,2505,835,610,240,45,22,14
1930,1246,2743,1275,1583,624,246,41,21
1931,1528,2302,1126,859,400,141,28,17
1932,1145,1524,674,437,223,90,17,29
1933,1477,2024,779,526,211,78,27,13
1934,1220,1719,660,456,213,80,39,10
1935,1015,1714,835,667,283,86,36,32
1936,2875,1693,599,381,163,101,39,30
1937,1767,1657,691,542,184,114,22,15
1938,1243,1238,734,463,236,90,41,61
1939,747,1164,651,527,265,87,28,12
1940,1100,1486,703,582,166,72,15,14
1941,1053,1669,768,822,251,91,19,18
1942,1529,1235,563,420,156,131,40,42
1943,1104,1159,656,409,194,79,56,29
1944,1572,2162,876,739,427,224,103,45
1945,1382,1315,660,552,304,151,31,38
1946,1318,1814,718,690,267,89,21,19
1947,1101,1369,579,598,374,162,56,40
1948,1344,1386,734,450,211,87,26,31
1949,1825,2403,1098,928,497,192,90,41
1950,1476,2123,869,732,360,130,41,40
1951,1494,1689,734,515,256,88,37,20
1952,2119,2610,1214,944,469,186,57,23
1953,1421,2242,1058,996,574,224,64,40
1954,1607,2111,899,751,368,159,65,52
1955,1357,1483,782,560,273,93,35,14
1956,1050,1539,654,501,305,87,36,36
1957,1115,1838,706,493,233,107,25,39
1958,687,1260,671,568,393,136,59,24
1959,766,1414,545,473,267,123,54,24
1960,1209,1375,594,527,229,97,34,29
1961,1321,1486,693,597,298,81,35,33
1962,1054,1639,692,597,333,112,19,39
1963,1212,1765,800,493,306,110,40,15
1964,1808,1907,837,586,123,71,27,6
1965,1051,1378,892,851,231,69,6,0
1966,837,1252,800,581,284,79,38,35
1967,612,1284,853,1048,464,147,53,38
1968,1142,1691,934,928,418,118,55,34
1969,1094,1503,1006,1426,566,203,43,32
1970,656,1464,889,936,440,173,80,49
1971,1828,1515,770,678,290,65,16,8
1972,1257,1236,670,544,305,93,27,22
1973,643,1600,884,1074,423,105,18,9
1974,860,1576,1055,1145,623,192,34,37
1975,1208,1458,726,541,228,82,36,2
1976,920,1793,884,864,418,161,41,39
1977,1050,1891,959,976,471,255,72,53
1978,1131,1901,995,873,482,177,117,51
1979,1260,2003,783,447,264,107,34,10
1980,512,1085,704,679,373,153,41,25
1981,757,983,608,444,314,143,91,50
1982,800,1122,714,697,344,164,37,42
1983,878,858,590,548,306,182,72,34
1984,822,929,668,652,542,206,95,43
1985,1590,1520,697,640,333,99,51,48
1986,1977,1515,831,653,260,119,33,13
1987,835,1158,690,559,254,128,60,38
1988,1214,1512,696,697,320,102,66,32
1989,2065,1672,692,508,236,74,39,24
1990,1204,1422,646,473,283,92,33,32
1991,1913,1486,476,478,247,79,31,2
1992,3413,2196,593,330,111,44,14,12
1993,1274,1005,604,500,409,188,88,53
1994,873,975,598,508,370,197,59,59
1995,976,981,587,521,360,152,74,38
1996,955,1068,725,525,276,118,65,16
1997,907,1106,714,558,312,119,42,36
1998,718,994,575,630,341,204,73,31
1999,605,753,537,554,378,184,72,50
2000,1353,1323,732,546,303,100,63,24
2001,1183,1363,882,836,256,78,10,8
2002,890,1651,781,625,295,116,35,28
2003,869,1536,790,721,317,97,22,20
2004,2011,1727,790,543,225,69,25,15
2005,1141,1086,726,645,387,182,93,37
2006,546,826,822,651,379,172,72,31
2007,643,1368,760,755,292,104,49,22
2008,760,1218,758,675,381,187,32,22
2009,1263,1555,708,565,275,118,45,14
2010,902,831,542,502,337,212,69,94
2011,1438,1739,890,617,323,164,68,29
2012,823,1592,804,774,298,90,17,17
2013,623,1243,755,879,342,183,45,30
2014,771,981,643,531,356,124,51,55
2015,1298,1365,665,569,356,161,82,32
2016,1998,1876,806,623,270,87,44,20
2017,1434,1443,612,477,231,87,24,27
2018,866,1687,970,999,471,205,47,11
2019,2082,2630,923,746,371,134,60,20
2020,1305,1793,724,627,347,144,24,20
2021,1063,1260,522,390,194,59,24,15
2022,1257,1569,632,494,236,85,42,12
2023,1480,1743,919,809,492,155,68,31
2024,1382,1512,868,753,469,182,47,35
2025,982,1230,517,512,263,113,54,52
2026,631,1087,877,1015,617,217,101,56
2027,1129,1539,989,843,449,221,41,16
2028,842,1081,818,623,413,136,36,33
2029,1274,1102,550,372,175,112,24,37
2030,1155,1427,719,775,307,141,42,44
2031,1278,1312,850,802,309,142,42,9
2032,1584,2405,952,738,348,115,60,35
2033,1614,1839,1161,902,445,169,40,23
2034,1534,2206,877,744,450,164,58,35
2035,1508,2051,785,587,333,105,73,37
2036,2274,2575,1223,1103,442,223,57,42
2037,1512,2138,814,698,357,157,53,55
2038,1334,1122,540,517,232,128,53,20
2039,1028,1861,869,759,321,117,52,44
2040,1842,2408,854,776,355,129,35,31
2041,1393,1899,865,684,397,167,44,27
2042,1193,1588,585,461,248,85,38,39
2043,1318,1858,844,710,324,118,41,14
2044,1496,1511,683,499,256,80,25,15
2045,1318,1555,784,630,281,92,41,27
2046,899,1379,632,639,328,112,53,48
2047,1104,1760,917,796,412,173,66,46
2048,1073,2087,885,727,436,137,54,32
2049,1171,1613,669,730,269,97,21,9
2050,784,1426,794,911,433,143,53,22
2051,1716,1559,669,462,207,110,36,31
2052,1134,991,540,453,310,153,42,59
2053,2232,1729,637,433,160,40,22,8
2054,3276,2727,654,475,156,37,2,7
2055,780,847,647,669,416,183,72,64
2056,735,842,594,599,405,189,56,55
2057,866,1044,692,554,339,194,80,77
2058,569,591,494,484,361,211,126,75
2059,1167,1091,716,663,360,252,40,64
2060,682,835,594,682,325,232,54,46
2061,1033,1005,651,586,343,148,38,51
2062,1027,1105,646,598,265,119,47,37
2063,2368,1782,681,489,206,29,14,5
2064,1500,1167,661,598,288,123,34,21
2065,953,961,646,556,305,97,49,37
2066,1244,1187,720,574,265,136,35,23
2067,1038,1090,786,612,363,186,98,62
2068,795,768,568,519,379,166,57,57
2069,676,805,721,536,419,156,82,45
2070,947,1217,703,588,300,158,62,22
2071,1024,1511,640,519,195,106,31,24
2072,621,1030,654,612,398,145,50,51
2073,969,1134,651,543,355,117,35,26
2074,754,1514,822,733,332,104,47,24
2075,914,1178,892,697,460,157,54,38
2076,1112,1168,902,684,427,183,74,54
2077,989,1404,772,723,378,158,51,43
2078,1000,1247,704,568,333,112,49,17
2079,1273,1595,774,606,266,120,45,21
2080,795,1506,935,930,439,208,45,43
2081,871,1500,899,664,391,121,28,34
2082,794,1552,1060,1211,640,195,90,52
2083,533,861,792,691,394,80,70,25
2084,783,862,639,645,446,180,81,39
2085,818,1171,828,683,298,104,45,19
2086,1199,1389,693,617,295,117,14,11
2087,1715,1608,829,550,319,84,17,38
2088,737,874,704,621,402,136,62,46
2089,1847,2228,1031,660,328,129,57,32
2090,1141,1850,1089,1086,426,165,50,19
2091,966,1289,777,812,404,164,43,35
2092,810,1302,716,579,317,120,56,33
2093,955,1248,664,457,238,95,36,25
2094,651,1116,714,619,319,139,67,44
2095,880,1599,859,837,342,129,43,29
2096,674,1133,686,601,332,141,40,37
2097,517,1324,961,1054,566,214,82,44
2098,814,1712,1419,1801,818,235,107,73
2099,1622,2209,922,795,438,181,87,40
2100,1269,1910,856,735,373,171,41,64
2101,1180,1895,681,589,282,114,32,30
2102,717,1249,846,737,350,96,40,20
2103,1128,1272,802,692,204,60,10,16
2104,951,1624,895,875,437,118,48,12
2105,1039,1488,776,925,352,204,49,41
2106,1893,1542,676,484,198,78,26,18
2107,1515,1759,874,652,387,126,62,65
2108,1718,1557,729,615,327,127,72,50
2109,1247,1587,661,883,273,79,14,4
2110,2709,2291,732,554,195,36,11,7
2111,2253,2145,849,423,150,38,9,6
2112,1311,1680,827,732,270,54,24,5
2113,850,1669,777,770,418,147,63,26
2114,1643,2687,1182,1052,457,183,77,60
2115,1131,1873,773,621,351,144,56,37
2116,1044,1402,620,485,236,115,49,28
2117,1096,1860,971,796,453,162,30,40
2118,1103,2036,820,677,305,128,48,16
2119,1213,940,510,364,191,128,68,51
2120,1720,1442,641,450,241,86,11,20
2121,1204,1121,581,505,323,141,61,30
2122,1191,1131,572,414,267,85,40,39
2123,807,889,638,489,301,138,46,34
2124,686,926,657,522,380,189,69,69
2125,586,905,544,557,382,174,57,60
2126,917,1067,782,529,318,117,59,43
2127,1010,1139,752,590,264,99,32,23
2128,1736,1399,666,535,246,77,19,20
2129,1813,1949,712,551,152,49,19,5
2130,1135,1353,710,487,236,76,24,12
2131,1021,1141,605,473,264,117,36,35
2132,589,1330,854,796,390,165,59,54
2133,1212,1287,626,663,280,74,19,15
2134,900,1285,596,591,306,108,38,24
2135,1311,2025,714,514,283,141,48,30
2136,1001,1564,721,587,304,156,52,27
2137,1156,1632,898,699,517,293,83,33
2138,806,907,681,585,445,232,112,82
2139,501,688,644,821,526,251,114,76
2140,686,825,562,411,294,117,39,48
2141,1065,1487,678,530,301,164,67,31
2142,1063,1475,716,705,338,120,51,29
2143,1075,1247,701,472,348,104,69,42
2144,1211,1478,666,595,286,92,31,21
2145,598,881,623,654,446,227,107,85
2146,1027,1365,720,631,441,258,102,54
2147,776,1075,760,802,480,210,78,52
2148,507,772,462,575,348,244,59,79
2149,454,728,478,472,445,242,116,90
2150,495,801,736,733,496,257,90,48
2151,571,956,581,552,515,168,92,71
2152,992,1322,853,773,385,156,62,28
2153,440,885,531,617,442,219,50,49
2154,381,576,502,481,420,223,124,68
2155,792,1005,500,499,238,99,25,43
2156,664,1085,603,617,411,267,106,48
2157,944,1977,909,795,521,309,144,59
2158,938,1917,1044,1172,689,494,181,104
2159,727,1216,636,542,375,264,80,67
2160,1091,1536,680,539,444,262,112,80
2161,1020,1728,611,608,446,296,99,92
2162,539,811,561,438,404,172,71,87
2163,2301,1817,681,479,137,65,24,4
2164,389,743,536,501,335,240,119,88
2165,988,1360,666,529,266,157,65,71
2166,1742,2110,856,652,357,184,32,43
2167,357,847,609,693,509,378,101,80
2168,801,1410,912,793,537,307,157,90
2169,923,1300,625,527,278,116,45,33
2170,478,1143,591,582,326,201,62,19
2171,310,785,477,586,635,390,199,134
2172,746,1689,863,759,610,423,181,146
2173,422,1088,646,531,266,236,72,43
2174,424,1113,695,704,601,448,224,137
2175,1169,2290,703,669,354,319,127,80
2176,772,1389,805,727,403,289,102,64
2177,1038,1235,601,521,231,106,43,30
2178,2524,3366,1351,1079,278,127,22,16
2179,1903,2461,875,642,240,74,23,9
2180,1802,2214,685,502,247,42,22,34
2181,1771,2201,667,563,144,56,35,10
2182,1835,1901,619,584,227,68,9,7
2183,2339,1723,641,523,118,70,18,12
2184,1054,1459,702,553,223,122,24,22
2185,926,1518,818,676,318,108,31,16
2186,732,1397,701,682,261,117,15,9
2187,833,1072,695,717,231,157,48,41
2188,603,1170,995,1160,406,156,29,23
2189,697,1364,843,902,440,182,61,27
2190,2294,2885,1193,784,342,72,27,15
2191,2387,2994,1155,789,340,84,43,26
2192,1994,2723,1041,793,237,84,31,13
2193,2065,1881,733,475,238,55,38,38
2194,2220,3215,1195,1028,353,121,56,25
2195,1969,2564,949,654,314,106,39,14
2196,1101,1815,833,577,292,76,42,20
2197,1121,1556,613,456,268,61,43,21
2198,1429,2292,990,783,474,213,71,48
2199,1137,1954,647,501,263,89,40,9
2200,1576,1781,761,669,197,106,40,17
2201,1252,2050,746,594,185,66,27,30
2202,1656,1811,834,396,237,139,41,23
2203,2528,2940,1165,821,276,121,32,21
2204,2206,2513,1028,683,246,134,24,24
2205,1220,1654,807,682,238,94,48,25
2206,1135,1836,1046,964,471,205,65,57
2207,1217,2240,1116,1066,448,242,79,47
2208,2050,2951,1075,613,245,102,26,14
2209,1999,2117,1030,672,338,119,59,21
2210,1410,2059,1004,843,359,94,46,27
2211,2619,2666,1279,919,325,154,65,27
2212,1631,1397,710,419,152,53,31,18
2213,1621,2209,913,729,295,72,17,16
2214,1562,2212,1182,995,402,176,39,22
2215,990,1602,805,768,304,98,27,10
2216,2340,2236,1142,771,314,120,25,27
2217,1806,1900,816,588,166,81,25,9
2218,1463,2551,1046,878,267,102,19,16
2219,1593,2903,1198,1131,469,106,35,30
2220,1958,1934,948,649,241,71,31,25
2221,2002,2345,1092,1045,360,106,21,10
2222,3885,2987,1111,600,298,96,33,15
2223,531,1219,754,853,375,151,35,29
2224,797,990,703,672,334,207,96,77
2225,1669,2279,1341,1440,793,301,180,116
2226,2890,2343,838,625,267,70,15,8
2227,1166,1577,814,552,271,94,18,19
2228,666,1266,823,715,344,104,42,10
2229,1363,1490,878,764,380,165,65,35
2230,1206,1454,761,754,327,136,78,34
2231,868,1667,1036,979,390,120,52,37
2232,543,1101,691,654,263,99,58,26
2233,1007,1554,810,733,255,107,41,5
2234,909,1170,665,619,260,140,22,35
2235,1480,2013,1083,1027,306,117,42,53
2236,1025,1394,700,683,313,91,16,4
2237,876,1166,709,690,298,81,34,20
2238,2306,3372,1287,949,435,174,55,69
2239,2359,3818,1121,1069,425,230,81,44
2240,1116,1625,583,540,338,97,52,11
2241,1172,1810,522,458,251,105,36,44
2242,1567,1873,794,527,332,112,51,50
2243,1912,1775,689,519,219,87,43,29
2244,1526,1902,818,764,305,160,53,28
2245,793,1629,680,579,268,108,44,30
2246,1177,1574,492,430,219,94,23,26
2247,922,1152,582,663,361,128,72,36
2248,1092,1481,695,526,285,157,44,24
2249,923,1476,575,489,284,110,35,27
2250,1250,1718,739,601,313,178,75,39
2251,1229,1463,610,611,347,175,64,25
2252,610,1069,662,512,445,279,107,88
2253,1185,1729,614,479,248,96,35,41
2254,1500,1582,757,495,172,100,39,18
2255,1031,1654,730,594,338,92,54,16
2256,817,1394,675,661,341,113,30,27
2257,699,1491,777,680,317,131,70,59
2258,1483,2122,660,590,227,144,41,44
2259,1507,2080,719,560,197,136,40,57
2260,1959,2501,1033,836,347,114,52,19
2261,840,1646,627,583,303,88,23,18
2262,1821,1620,796,541,266,87,18,46
2263,1278,1881,670,508,242,100,26,14
2264,1132,1504,703,620,249,99,24,22
2265,1183,1639,857,605,292,133,61,47
2266,993,1632,738,581,293,95,33,11
2267,1013,1666,837,712,370,134,54,29
2268,796,1374,750,574,296,134,61,40
2269,2694,2724,1135,785,180,27,16,7
2270,1725,1900,821,611,217,64,24,35
2271,4350,3103,606,287,112,24,2,0
2272,1945,2008,741,574,168,87,48,37
2273,1958,2168,906,639,261,84,57,29
2274,1245,1662,845,716,261,96,13,15
2275,1578,2175,1016,912,274,64,20,23
2276,1540,2094,958,951,259,101,26,10
2277,1031,1794,1160,1134,319,96,38,10
2278,1401,1794,882,689,338,122,70,68
2279,1316,1534,794,608,307,160,71,84
2280,1331,1611,740,640,347,152,51,33
2281,964,1335,729,687,345,176,109,79
2282,962,1414,626,621,296,138,49,72
2283,815,1667,738,829,311,115,60,16
2284,677,1567,758,843,286,69,37,14
2285,1317,1712,752,591,276,72,44,19
2286,1186,1784,835,704,254,129,20,51
2287,1430,1574,776,572,223,103,36,35
2288,692,1574,982,933,330,133,55,19
2289,908,1686,851,735,373,143,40,39
2290,1207,1944,922,654,372,185,50,37
2291,1210,2069,747,657,305,105,26,14
2292,1386,1968,806,645,267,96,60,21
2293,1478,2157,500,376,158,46,28,18
2294,1704,1991,684,527,209,46,17,16
2295,1683,2209,998,637,239,101,31,31
2296,1597,2003,764,571,200,24,20,7
2297,2376,3534,1428,1063,501,249,57,38
2298,1469,2007,691,513,230,74,32,15
2299,1092,1630,668,418,185,59,27,13
2300,1247,1548,623,418,121,82,33,7
2301,2243,2292,923,681,241,106,22,10
2302,958,1476,697,454,208,46,24,9
2303,2733,3006,1182,872,298,82,48,10
2304,1347,1710,692,386,177,48,13,8
2305,2237,2644,1271,759,306,93,37,36
2306,1095,1448,769,445,240,50,7,15
2307,2378,3360,951,731,360,104,34,32
2308,2194,1686,646,505,167,102,22,26
2309,2114,3037,1124,1036,407,128,41,45
2310,2635,3350,1312,1118,413,129,35,8
2311,1441,1376,505,546,276,76,26,25
2312,1504,2541,880,859,298,124,41,3
2313,1635,2252,577,427,155,58,32,19
2314,2377,3079,1035,867,473,155,84,55
2315,1619,2320,723,694,327,123,25,38
2316,1442,1840,594,504,276,62,11,19
2317,1427,1928,640,629,255,113,21,15
2318,1751,2563,1124,857,368,103,15,10
2319,1402,2206,602,454,188,76,22,10
2320,1264,1651,555,464,228,92,14,20
2321,1855,2719,796,650,309,111,32,52
2322,1677,2414,809,766,328,107,13,16
2323,2061,2675,1027,962,432,152,34,18
2324,2270,2654,952,759,300,80,27,13
2325,1438,2189,761,699,267,125,32,31
2326,2432,3290,957,800,361,165,50,24
2327,1874,2315,946,795,319,138,57,26
2328,1427,1803,639,570,199,75,28,30
2329,1781,2227,959,869,326,152,65,29
2330,2236,3578,1332,1234,436,125,43,23
2331,2100,2739,1232,905,487,145,55,32
2332,2238,1722,524,457,118,50,10,4
2333,1584,1674,716,616,244,84,20,16
2334,2826,2529,935,817,297,99,26,12
2335,1247,1217,640,446,324,102,15,47
2336,1627,1310,659,624,272,106,48,30
2337,1584,1000,539,256,177,89,55,44
2338,1005,858,428,454,266,205,61,34
2339,1544,1634,637,514,315,96,45,16
2340,1104,1588,529,495,224,119,16,9
2341,1494,2130,653,554,312,100,57,71
2342,1262,1927,711,695,320,141,22,22
2343,1904,2373,874,684,267,121,32,40
2344,932,1821,676,692,258,87,19,1
2345,1625,2443,863,823,377,116,27,13
2346,1471,1907,754,632,231,76,13,12
2347,1334,1835,598,478,212,82,22,16
2348,1094,1664,458,527,200,100,20,13
2349,1637,2085,818,626,281,64,26,20
2350,1297,1677,570,552,193,109,27,9
2351,1212,1610,572,472,282,123,52,21
